anomes;codcamp;familia;grupo;subgrupo;gt;validade_de;validade_ate;codcliente;fat;fat_bl;lucro;lucro_bl;custo
;;;;;;;;count;sum;sum;sum;sum;sum
2020-03;B0000000002;Carro;Escapamento;Esporte;Campanha;2020-03-10;2020-04-10;12770;1551222.65;1426104.23;550078.6;546418.18;2446.421
2020-03;B0000000002;Carro;Escapamento;Esporte;Controle;2020-03-10;2020-04-10;1412;173203.16999999998;161498.69;62482.59;61242.02;313.314
2020-03;B0000000005;Carro;Rodas Pneus;Esportivo;Campanha;2020-03-19;2020-04-19;14517;861104.25;993766.75;312865.17;386554.62;1163.114
2020-03;B0000000005;Carro;Rodas Pneus;Esportivo;Controle;2020-03-19;2020-04-19;1540;95335.01;110266.92;33364.91;41448.5;117.906
2020-03;B0000000006;Carro;Rodas Pneus;Premium;Campanha;2020-03-16;2020-04-16;12301;1154150.23;990388.06;412986.47000000003;381766.03;2352.71
2020-03;B0000000006;Carro;Rodas Pneus;Premium;Controle;2020-03-16;2020-04-16;1216;121276.38;88850.5;43832.29;34642.59;226.861
2020-03;B0000000007;Carro;Rodas Pneus;Basico;Campanha;2020-03-17;2020-04-17;14294;1056468.22;1144303.77;376332.82;376554.52;1731.154
2020-03;B0000000007;Carro;Rodas Pneus;Basico;Controle;2020-03-17;2020-04-17;1558;106832.16;123888.1;37752.24;49022.17;93.902
2020-03;B0000000009;Carro;Som;Multimedia;Campanha;2020-03-14;2020-04-14;12592;1350947.6;1206714.86;479256.7;468872.0;7623.068
2020-03;B0000000009;Carro;Som;Multimedia;Controle;2020-03-14;2020-04-14;1254;139846.07;113739.51;51126.2;43303.76;760.313
2020-03;B0000000012;Carro;Som;Basico;Campanha;2020-03-20;2020-04-20;12811;696134.76;823139.67;247685.88;320784.71;500.43
2020-03;B0000000012;Carro;Som;Basico;Controle;2020-03-20;2020-04-20;1419;70451.21;83794.61;25537.54;31979.77;26.061
2020-03;B0000000014;Carro;Lataria Adesivacao;Premium;Campanha;2020-03-15;2020-04-15;6634;685562.79;583883.4;240062.39;223968.02;2420.745
2020-03;B0000000014;Carro;Lataria Adesivacao;Premium;Controle;2020-03-15;2020-04-15;690;67298.81;56601.17;24396.41;22020.079999999998;165.24099999999999
2020-03;B0000000016;Carro;Lataria Adesivacao;High End;Campanha;2020-03-09;2020-04-09;4735;591676.68;565927.65;214605.62;218919.64;7360.113
2020-03;B0000000016;Carro;Lataria Adesivacao;High End;Controle;2020-03-09;2020-04-09;507;71991.93;62366.93;28092.46;24828.82;798.73
2020-03;B0000000017;Carro;Estofamento Bancos;Premium;Campanha;2020-03-13;2020-04-13;6930;803922.97;691736.88;291932.94;267712.73;6132.903
2020-03;B0000000017;Carro;Estofamento Bancos;Premium;Controle;2020-03-13;2020-04-13;710;79220.62;73113.37;28572.02;27286.54;824.399
2020-03;B0000000019;Carro;Estofamento Bancos;High End;Campanha;2020-03-09;2020-04-09;7173;940390.13;873189.37;333516.99;337940.42;11010.747
2020-03;B0000000019;Carro;Estofamento Bancos;High End;Controle;2020-03-09;2020-04-09;719;97411.36;87735.54;34304.19;33670.93;1238.394
2020-03;B0000000021;Carro;Escapamento;Esporte;Campanha;2020-03-10;2020-04-10;6367;762030.16;715183.18;277210.96;269180.66;2525.974
2020-03;B0000000021;Carro;Escapamento;Esporte;Controle;2020-03-10;2020-04-10;665;78400.18000000001;77990.33;28712.46;30394.75;312.688
2020-03;B0000000024;Carro;Rodas Pneus;Esportivo;Campanha;2020-03-19;2020-04-19;10401;616396.35;728875.84;216368.75;283643.86;1586.596
2020-03;B0000000024;Carro;Rodas Pneus;Esportivo;Controle;2020-03-19;2020-04-19;1157;61338.81;81159.61;22097.96;31615.21;140.926
2020-03;B0000000025;Carro;Rodas Pneus;Premium;Campanha;2020-03-16;2020-04-16;5657;544271.09;484213.92;194826.3;191349.67;1834.268
2020-03;B0000000025;Carro;Rodas Pneus;Premium;Controle;2020-03-16;2020-04-16;545;60203.63;47211.19;22317.86;17796.94;314.544
2020-03;B0000000026;Carro;Rodas Pneus;Basico;Campanha;2020-03-17;2020-04-17;9710;724012.19;767876.4;258391.5;295966.14;2344.022
2020-03;B0000000026;Carro;Rodas Pneus;Basico;Controle;2020-03-17;2020-04-17;1143;86058.97;88235.82;30883.64;33896.89;231.582
2020-03;B0000000028;Carro;Som;Multimedia;Campanha;2020-03-14;2020-04-14;6316;723411.96;598985.58;259486.63;236068.68;8258.622
2020-03;B0000000028;Carro;Som;Multimedia;Controle;2020-03-14;2020-04-14;618;61718.85;54858.39;21388.14;20348.46;836.922
2020-03;B0000000031;Carro;Som;Basico;Campanha;2020-03-20;2020-04-20;7925;407262.19;511332.14;148568.04;199349.04;853.384
2020-03;B0000000031;Carro;Som;Basico;Controle;2020-03-20;2020-04-20;856;44144.42;57769.98;15851.63;22386.9;70.60000000000001
2020-03;B0000000033;Carro;Lataria Adesivacao;Premium;Campanha;2020-03-15;2020-04-15;876;97190.48;96075.95;34861.54;39538.58;629.52
2020-03;B0000000033;Carro;Lataria Adesivacao;Premium;Controle;2020-03-15;2020-04-15;90;8932.93;4761.13;3382.89;1781.31;59.188
2020-03;B0000000035;Carro;Lataria Adesivacao;High End;Campanha;2020-03-09;2020-04-09;911;128544.71;117534.07;43936.23;46030.92;2937.582
2020-03;B0000000035;Carro;Lataria Adesivacao;High End;Controle;2020-03-09;2020-04-09;85;11741.12;9099.71;4160.75;3604.46;376.658
2020-03;B0000000036;Carro;Estofamento Bancos;Premium;Campanha;2020-03-13;2020-04-13;906;104681.83;103575.4;37732.11;39682.33;1839.642
2020-03;B0000000036;Carro;Estofamento Bancos;Premium;Controle;2020-03-13;2020-04-13;81;9322.22;10425.77;3257.87;3806.6;215.764
2020-03;B0000000038;Carro;Estofamento Bancos;High End;Campanha;2020-03-09;2020-04-09;977;147212.88999999998;134389.52;51204.35;50820.65;3912.386
2020-03;B0000000038;Carro;Estofamento Bancos;High End;Controle;2020-03-09;2020-04-09;100;15181.67;11207.03;4809.6;4120.57;384.764
2020-03;B0000000040;Carro;Escapamento;Esporte;Campanha;2020-03-10;2020-04-10;6777;833069.18;784947.76;309109.69;306759.31;3643.8
2020-03;B0000000040;Carro;Escapamento;Esporte;Controle;2020-03-10;2020-04-10;751;89350.61;84084.0;31597.420000000002;31101.6;495.804
2020-03;B0000000043;Carro;Rodas Pneus;Esportivo;Campanha;2020-03-19;2020-04-19;10096;612875.85;712207.0;220388.55;280177.88;2195.079
2020-03;B0000000043;Carro;Rodas Pneus;Esportivo;Controle;2020-03-19;2020-04-19;1181;65056.77;85656.68;23224.66;33053.74;359.157
2020-03;B0000000044;Carro;Rodas Pneus;Premium;Campanha;2020-03-16;2020-04-16;5775;544536.43;475070.31;196025.01;187526.28;2876.181
2020-03;B0000000044;Carro;Rodas Pneus;Premium;Controle;2020-03-16;2020-04-16;624;61984.52;59763.03;22871.15;23362.8;136.512
2020-03;B0000000045;Carro;Rodas Pneus;Basico;Campanha;2020-03-17;2020-04-17;10143;804605.53;807344.33;290514.0;278907.04;3471.48
2020-03;B0000000045;Carro;Rodas Pneus;Basico;Controle;2020-03-17;2020-04-17;1156;93217.98;97232.03;33854.18;39711.95;373.851
2020-03;B0000000047;Carro;Som;Multimedia;Campanha;2020-03-14;2020-04-14;6348;707080.96;572972.34;255233.38;224533.14;10460.349
2020-03;B0000000047;Carro;Som;Multimedia;Controle;2020-03-14;2020-04-14;634;78438.0;57630.55;27319.78;21011.78;1055.361
2020-03;B0000000050;Carro;Som;Basico;Campanha;2020-03-20;2020-04-20;9347;482426.39;585306.11;168757.59;229514.7;1659.846
2020-03;B0000000050;Carro;Som;Basico;Controle;2020-03-20;2020-04-20;1088;63382.89;70640.41;23837.77;26229.26;124.03800000000001
2020-03;B0000000052;Carro;Lataria Adesivacao;Premium;Campanha;2020-03-15;2020-04-15;579;60425.89;45224.56;20187.78;16678.48;591.144
2020-03;B0000000052;Carro;Lataria Adesivacao;Premium;Controle;2020-03-15;2020-04-15;68;5418.92;5364.21;1805.51;2014.99;31.194
2020-03;B0000000054;Carro;Lataria Adesivacao;High End;Campanha;2020-03-09;2020-04-09;560;77369.5;67761.53;26449.64;25045.95;3357.39
2020-03;B0000000054;Carro;Lataria Adesivacao;High End;Controle;2020-03-09;2020-04-09;73;10932.369999999999;6567.52;3846.18;2792.45;519.204
2020-03;B0000000055;Carro;Estofamento Bancos;Premium;Campanha;2020-03-13;2020-04-13;616;82050.47;79778.88;31535.37;30051.21;2672.889
2020-03;B0000000055;Carro;Estofamento Bancos;Premium;Controle;2020-03-13;2020-04-13;76;15669.16;8378.29;9434.43;3197.06;117.291
2020-03;B0000000057;Carro;Estofamento Bancos;High End;Campanha;2020-03-09;2020-04-09;628;105460.31999999999;104283.22;37806.26;42180.02;3408.027
2020-03;B0000000057;Carro;Estofamento Bancos;High End;Controle;2020-03-09;2020-04-09;68;8444.67;13296.42;2926.58;4641.92;613.929
2020-03;B0000000104;Moto;Rodas Pneus;Premium;Campanha;2020-03-16;2020-04-16;15506;1795597.11;1518415.9;613192.53;568033.82;1689.476
2020-03;B0000000104;Moto;Rodas Pneus;Premium;Controle;2020-03-16;2020-04-16;1586;168561.16;144641.45;64644.09;58382.11;145.963
2020-03;B0000000105;Moto;Rodas Pneus;Basico;Campanha;2020-03-17;2020-04-17;11090;962164.48;918649.75;349524.92;358070.99;5778.332
2020-03;B0000000105;Moto;Rodas Pneus;Basico;Controle;2020-03-17;2020-04-17;1208;102702.45;91795.74;36542.19;36522.45;551.949
2020-03;B0000000107;Moto;Lataria Adesivacao;Premium;Campanha;2020-03-15;2020-04-15;3801;394708.99;312758.74;144252.19;122933.6;5331.417
2020-03;B0000000107;Moto;Lataria Adesivacao;Premium;Controle;2020-03-15;2020-04-15;383;36854.3;28524.99;14058.71;11613.12;493.412
2020-03;B0000000109;Moto;Lataria Adesivacao;High End;Campanha;2020-03-11;2020-04-11;4025;510992.72;459801.61;194432.26;186749.66;5011.92
2020-03;B0000000109;Moto;Lataria Adesivacao;High End;Controle;2020-03-11;2020-04-11;456;55878.91;45598.52;20552.73;17192.91;766.232
2020-03;B0000000113;Moto;Rodas Pneus;Premium;Campanha;2020-03-16;2020-04-16;3146;301716.58;254021.67;106266.56;99816.12;721.098
2020-03;B0000000113;Moto;Rodas Pneus;Premium;Controle;2020-03-16;2020-04-16;317;31330.41;23688.41;11581.52;8946.52;105.464
2020-03;B0000000114;Moto;Rodas Pneus;Basico;Campanha;2020-03-17;2020-04-17;6661;491671.53;464911.04;175426.2;182728.23;6141.7480000000005
2020-03;B0000000114;Moto;Rodas Pneus;Basico;Controle;2020-03-17;2020-04-17;712;52759.53;49151.03;19867.74;19680.46;783.004
2020-03;B0000000116;Moto;Lataria Adesivacao;Premium;Campanha;2020-03-15;2020-04-15;881;97101.08;78529.25;34819.65;30538.14;2379.1620000000003
2020-03;B0000000116;Moto;Lataria Adesivacao;Premium;Controle;2020-03-15;2020-04-15;101;9318.78;8757.18;3286.0299999999997;3146.28;288.546
2020-03;B0000000118;Moto;Lataria Adesivacao;High End;Campanha;2020-03-11;2020-04-11;883;105912.21;99642.53;37323.13;38132.2;2695.0480000000002
2020-03;B0000000118;Moto;Lataria Adesivacao;High End;Controle;2020-03-11;2020-04-11;100;13532.51;10230.96;4671.31;3887.48;210.154
2020-03;B0000000122;Moto;Rodas Pneus;Premium;Campanha;2020-03-16;2020-04-16;3240;316840.89;257037.35;116804.88;102198.02;1446.7350000000001
2020-03;B0000000122;Moto;Rodas Pneus;Premium;Controle;2020-03-16;2020-04-16;333;34426.19;31621.64;13564.95;13312.09;143.394
2020-03;B0000000123;Moto;Rodas Pneus;Basico;Campanha;2020-03-17;2020-04-17;6742;513765.5;491865.11;179929.43;187240.52;9084.471
2020-03;B0000000123;Moto;Rodas Pneus;Basico;Controle;2020-03-17;2020-04-17;737;61921.840000000004;53456.21;19818.95;20469.94;1046.028
2020-03;B0000000125;Moto;Lataria Adesivacao;Premium;Campanha;2020-03-15;2020-04-15;595;68896.24;52246.54;24554.56;21281.45;2942.061
2020-03;B0000000125;Moto;Lataria Adesivacao;Premium;Controle;2020-03-15;2020-04-15;73;6910.99;6729.72;2481.05;2120.43;286.278
2020-03;B0000000127;Moto;Lataria Adesivacao;High End;Campanha;2020-03-11;2020-04-11;647;71352.68;56655.97;24719.82;20437.63;2991.645
2020-03;B0000000127;Moto;Lataria Adesivacao;High End;Controle;2020-03-11;2020-04-11;58;8664.34;7019.93;2764.4;2497.84;378.345
2020-03;B0000000128;Caminhao;Cabine;Premium;Campanha;2020-03-18;2020-04-18;771;54273.44;59086.979999999996;20077.22;22921.88;-4.599
2020-03;B0000000128;Caminhao;Cabine;Premium;Controle;2020-03-18;2020-04-18;83;6308.9800000000005;7381.88;2461.2200000000003;3032.92;0.0
2020-03;B0000000130;Caminhao;Cabine;Intermediario;Campanha;2020-03-23;2020-04-23;281;6329.93;10536.81;2444.06;4583.56;18.598
2020-03;B0000000130;Caminhao;Cabine;Intermediario;Controle;2020-03-23;2020-04-23;35;1344.53;1471.48;494.48;441.23;0.0
2020-03;B0000000131;Caminhao;Cabine;Basico;Campanha;2020-03-12;2020-04-12;262;13235.33;14297.08;5030.88;5635.38;69.672
2020-03;B0000000131;Caminhao;Cabine;Basico;Controle;2020-03-12;2020-04-12;34;821.5699999999999;1691.19;316.65999999999997;764.28;0.0
2020-03;B0000000134;Caminhao;Carroceria;Basico;Campanha;2020-03-18;2020-04-18;693;32593.579999999998;33930.97;12135.13;13251.46;231.218
2020-03;B0000000134;Caminhao;Carroceria;Basico;Controle;2020-03-18;2020-04-18;87;4031.54;5136.17;1658.12;1993.07;21.777
2020-03;B0000000140;Caminhao;Cabine;Premium;Campanha;2020-03-18;2020-04-18;643;24220.23;32969.24;8791.05;12157.22;54.796
2020-03;B0000000140;Caminhao;Cabine;Premium;Controle;2020-03-18;2020-04-18;71;3025.68;5154.83;1029.83;2105.81;0.0
2020-03;B0000000142;Caminhao;Cabine;Intermediario;Campanha;2020-03-23;2020-04-23;412;5062.78;9232.51;1902.09;3766.25;16.811999999999998
2020-03;B0000000142;Caminhao;Cabine;Intermediario;Controle;2020-03-23;2020-04-23;60;1166.84;1594.76;465.65000000000003;702.28;17.186
2020-03;B0000000143;Caminhao;Cabine;Basico;Campanha;2020-03-12;2020-04-12;402;28000.76;23288.25;10682.36;9668.48;174.718
2020-03;B0000000143;Caminhao;Cabine;Basico;Controle;2020-03-12;2020-04-12;45;3491.59;2561.61;1352.08;893.29;37.992000000000004
2020-03;B0000000146;Caminhao;Carroceria;Basico;Campanha;2020-03-18;2020-04-18;610;27808.88;28015.46;9906.85;10495.93;409.87
2020-03;B0000000146;Caminhao;Carroceria;Basico;Controle;2020-03-18;2020-04-18;68;3731.48;5488.79;1293.55;2229.4;53.416
2020-03;B0000000163;Offroad;Rodas Pneus;Lama;Campanha;2020-03-21;2020-04-21;187;5460.05;7782.59;2012.31;3487.99;0.0
2020-03;B0000000163;Offroad;Rodas Pneus;Lama;Controle;2020-03-21;2020-04-21;34;1950.67;2205.45;719.75;826.96;2.599
2020-03;B0000000164;Offroad;Rodas Pneus;Estrada;Campanha;2020-03-22;2020-04-22;474;7693.7;11945.26;2896.54;4089.17;2.8970000000000002
2020-03;B0000000164;Offroad;Rodas Pneus;Estrada;Controle;2020-03-22;2020-04-22;52;934.46;1258.1299999999999;339.49;526.09;0.0
2020-03;B0000000168;Offroad;Equipamentos Trilha;Premium;Campanha;2020-03-23;2020-04-23;325;7643.64;6189.33;2992.05;2719.08;236.202
2020-03;B0000000168;Offroad;Equipamentos Trilha;Premium;Controle;2020-03-23;2020-04-23;32;352.99;514.02;113.94;226.05;32.602
2020-03;B0000000173;Offroad;Rodas Pneus;Lama;Campanha;2020-03-21;2020-04-21;365;10844.35;11802.41;3969.43;4480.34;28.59
2020-03;B0000000173;Offroad;Rodas Pneus;Lama;Controle;2020-03-21;2020-04-21;41;1524.67;1864.6200000000001;499.96;629.05;5.198
2020-03;B0000000174;Offroad;Rodas Pneus;Estrada;Campanha;2020-03-22;2020-04-22;222;4234.0;7411.6;1553.53;2843.58;0.0
2020-03;B0000000174;Offroad;Rodas Pneus;Estrada;Controle;2020-03-22;2020-04-22;32;377.49;1436.77;108.79;520.21;0.0
2020-03;B0000000178;Offroad;Equipamentos Trilha;Premium;Campanha;2020-03-23;2020-04-23;175;3526.95;4117.12;1228.71;1574.13;135.614
2020-03;B0000000178;Offroad;Equipamentos Trilha;Premium;Controle;2020-03-23;2020-04-23;24;269.0;214.87;95.25999999999999;91.08;27.26
2020-03;B0000000195;Offroad;Rodas Pneus;Lama;Campanha;2020-03-21;2020-04-21;440;9814.88;14751.56;3415.21;5903.8;5.598
2020-03;B0000000195;Offroad;Rodas Pneus;Lama;Controle;2020-03-21;2020-04-21;37;1390.49;869.63;469.19000000000005;310.96;0.0
2020-03;B0000000196;Offroad;Rodas Pneus;Estrada;Campanha;2020-03-22;2020-04-22;322;12168.8;17192.23;4099.67;6093.13;1.199
2020-03;B0000000196;Offroad;Rodas Pneus;Estrada;Controle;2020-03-22;2020-04-22;40;1665.25;1861.0;542.0;633.4399999999999;2.199
2020-03;B0000000203;Offroad;Rodas Pneus;Lama;Campanha;2020-03-21;2020-04-21;641;22240.98;25660.63;7483.26;10169.95;52.984
2020-03;B0000000203;Offroad;Rodas Pneus;Lama;Controle;2020-03-21;2020-04-21;71;1862.56;2064.19;678.0400000000001;766.6899999999999;0.0
2020-03;B0000000204;Offroad;Rodas Pneus;Estrada;Campanha;2020-03-22;2020-04-22;590;15900.05;23493.84;5618.81;8895.86;9.992
2020-03;B0000000204;Offroad;Rodas Pneus;Estrada;Controle;2020-03-22;2020-04-22;70;3039.42;2861.5299999999997;1078.58;983.36;3.5980000000000003
2020-03;B0000000439;Carro;Escapamento;Esporte;Campanha;2020-03-10;2020-04-10;432;67227.89;0.0;25700.22;0.0;69.808
2020-03;B0000000442;Carro;Rodas Pneus;Esportivo;Campanha;2020-03-19;2020-04-19;423;47208.54;0.0;18530.44;0.0;59.955
2020-03;B0000000443;Carro;Rodas Pneus;Premium;Campanha;2020-03-16;2020-04-16;708;58516.01;11235.25;22218.02;4824.44;76.049
2020-03;B0000000444;Carro;Rodas Pneus;Basico;Campanha;2020-03-17;2020-04-17;528;73914.48;0.0;25870.51;0.0;76.185
2020-03;B0000000446;Carro;Som;Multimedia;Campanha;2020-03-14;2020-04-14;912;80012.63;10564.289999999999;28875.11;4153.7;482.522
2020-03;B0000000449;Carro;Som;Basico;Campanha;2020-03-20;2020-04-20;98;9260.39;0.0;3346.41;0.0;11.398
2020-03;B0000000453;Carro;Lataria Adesivacao;High End;Campanha;2020-03-09;2020-04-09;156;19168.56;0.0;6737.06;0.0;326.923
2020-03;B0000000456;Carro;Estofamento Bancos;High End;Campanha;2020-03-09;2020-04-09;589;78441.91;0.0;28642.93;0.0;833.205
2020-03;B0000000458;Carro;Escapamento;Esporte;Campanha;2020-03-10;2020-04-10;436;71371.06;0.0;26288.47;0.0;239.38
2020-03;B0000000461;Carro;Rodas Pneus;Esportivo;Campanha;2020-03-19;2020-04-19;471;45955.03;0.0;16086.42;0.0;153.42600000000002
2020-03;B0000000462;Carro;Rodas Pneus;Premium;Campanha;2020-03-16;2020-04-16;790;65735.35;8703.42;23847.95;3539.58;206.724
2020-03;B0000000463;Carro;Rodas Pneus;Basico;Campanha;2020-03-17;2020-04-17;451;61321.71;0.0;22872.64;0.0;103.076
2020-03;B0000000465;Carro;Som;Multimedia;Campanha;2020-03-14;2020-04-14;804;71908.53;8260.94;26291.96;3344.63;1027.408
2020-03;B0000000468;Carro;Som;Basico;Campanha;2020-03-20;2020-04-20;120;13310.01;0.0;5795.57;0.0;0.0
2020-03;B0000000470;Carro;Lataria Adesivacao;Premium;Campanha;2020-03-12;2020-04-12;560;53945.94;8855.960000000001;19373.77;3620.8900000000003;438.706
2020-03;B0000000472;Carro;Lataria Adesivacao;High End;Campanha;2020-03-09;2020-04-09;473;54753.11;0.0;20321.34;0.0;1440.318
2020-03;B0000000473;Carro;Estofamento Bancos;Premium;Campanha;2020-03-13;2020-04-13;542;56912.78;7953.17;21136.57;3035.94;1130.414
2020-03;B0000000475;Carro;Estofamento Bancos;High End;Campanha;2020-03-09;2020-04-09;590;79987.65;0.0;29533.92;0.0;2131.534
2020-03;B0000000477;Carro;Escapamento;Esporte;Campanha;2020-03-10;2020-04-10;411;66175.29;0.0;23984.23;0.0;272.187
2020-03;B0000000480;Carro;Rodas Pneus;Esportivo;Campanha;2020-03-19;2020-04-19;657;63101.28;0.0;22458.38;0.0;149.076
2020-03;B0000000481;Carro;Rodas Pneus;Premium;Campanha;2020-03-16;2020-04-16;886;71673.42;12592.52;27660.73;4992.21;270.615
2020-03;B0000000482;Carro;Rodas Pneus;Basico;Campanha;2020-03-17;2020-04-17;400;52441.64;0.0;18967.15;0.0;187.245
2020-03;B0000000484;Carro;Som;Multimedia;Campanha;2020-03-14;2020-04-14;798;80277.7;10196.94;29710.63;4235.44;1875.6299999999999
2020-03;B0000000487;Carro;Som;Basico;Campanha;2020-03-20;2020-04-20;118;11005.49;0.0;3970.07;0.0;167.115
2020-03;B0000000491;Carro;Lataria Adesivacao;High End;Campanha;2020-03-09;2020-04-09;313;44475.69;0.0;16224.67;0.0;1683.855
2020-03;B0000000492;Carro;Estofamento Bancos;Premium;Campanha;2020-03-13;2020-04-13;658;72333.43;7705.08;26330.96;2901.59;2122.812
2020-03;B0000000494;Carro;Estofamento Bancos;High End;Campanha;2020-03-09;2020-04-09;670;88613.13;0.0;32449.6;0.0;3245.217
2020-03;B0000000543;Moto;Rodas Pneus;Premium;Campanha;2020-03-16;2020-04-16;323;25734.84;4978.93;9626.86;1748.79;41.407000000000004
2020-03;B0000000544;Moto;Rodas Pneus;Basico;Campanha;2020-03-17;2020-04-17;224;35073.66;0.0;11674.58;0.0;149.701
2020-03;B0000000546;Moto;Lataria Adesivacao;Premium;Campanha;2020-03-12;2020-04-12;178;14553.84;1259.78;5232.41;496.27;287.621
2020-03;B0000000548;Moto;Lataria Adesivacao;High End;Campanha;2020-03-11;2020-04-11;206;31589.41;0.0;11489.08;0.0;578.667
2020-03;B0000000552;Moto;Rodas Pneus;Premium;Campanha;2020-03-16;2020-04-16;314;24692.76;2359.9;8705.1;872.73;54.928
2020-03;B0000000553;Moto;Rodas Pneus;Basico;Campanha;2020-03-17;2020-04-17;288;32240.63;0.0;11279.63;0.0;332.726
2020-03;B0000000555;Moto;Lataria Adesivacao;Premium;Campanha;2020-03-12;2020-04-12;168;13750.22;2572.67;4873.03;964.85;535.814
2020-03;B0000000557;Moto;Lataria Adesivacao;High End;Campanha;2020-03-11;2020-04-11;96;13592.09;0.0;4671.15;0.0;543.9780000000001
2020-03;B0000000561;Moto;Rodas Pneus;Premium;Campanha;2020-03-16;2020-04-16;356;27073.67;3117.92;9302.28;1014.71;82.017
2020-03;B0000000562;Moto;Rodas Pneus;Basico;Campanha;2020-03-17;2020-04-17;133;20613.61;0.0;5044.09;0.0;625.956
2020-03;B0000000564;Moto;Lataria Adesivacao;Premium;Campanha;2020-03-12;2020-04-12;147;12582.44;1805.07;4251.39;626.86;785.955
2020-03;B0000000566;Moto;Lataria Adesivacao;High End;Campanha;2020-03-11;2020-04-11;92;16237.99;0.0;5294.81;0.0;1011.129
2020-03;B0000000567;Caminhao;Cabine;Premium;Campanha;2020-03-18;2020-04-18;59;4227.01;0.0;1710.45;0.0;0.0
2020-03;B0000000569;Caminhao;Cabine;Intermediario;Campanha;2020-03-23;2020-04-23;20;683.0400000000001;0.0;305.49;0.0;0.0
2020-03;B0000000570;Caminhao;Cabine;Basico;Campanha;2020-03-12;2020-04-12;22;881.15;0.0;371.22;0.0;11.895999999999999
2020-03;B0000000572;Caminhao;Carroceria;Basico;Campanha;2020-03-18;2020-04-18;17;1862.9;0.0;787.58;0.0;28.688
2020-03;B0000000577;Caminhao;Cabine;Premium;Campanha;2020-03-18;2020-04-18;39;2378.01;0.0;1097.6399999999999;0.0;0.0
2020-03;B0000000579;Caminhao;Cabine;Intermediario;Campanha;2020-03-23;2020-04-23;8;147.91;0.0;65.84;0.0;13.592
2020-03;B0000000580;Caminhao;Cabine;Basico;Campanha;2020-03-12;2020-04-12;60;3957.95;627.9;1634.79;288.52;118.878
2020-03;B0000000583;Caminhao;Carroceria;Basico;Campanha;2020-03-18;2020-04-18;11;1068.87;0.0;450.03;0.0;25.39
2020-03;B0000000601;Offroad;Rodas Pneus;Lama;Campanha;2020-03-21;2020-04-21;20;1243.06;0.0;485.93;0.0;0.0
2020-03;B0000000612;Offroad;Rodas Pneus;Estrada;Campanha;2020-03-22;2020-04-22;45;1417.72;0.0;498.08;0.0;0.0
2020-03;B0000000633;Offroad;Rodas Pneus;Estrada;Campanha;2020-03-22;2020-04-22;54;1911.05;0.0;782.83;0.0;1.899
2020-03;B0000000640;Offroad;Rodas Pneus;Lama;Campanha;2020-03-21;2020-04-21;13;1968.54;0.0;709.61;0.0;5.598
2020-03;B0000000641;Offroad;Rodas Pneus;Estrada;Campanha;2020-03-22;2020-04-22;34;1656.74;0.0;613.1;0.0;5.598
2020-03;B0000000727;Offroad;Rodas Pneus;Estrada;Campanha;2020-03-22;2020-04-22;57;3142.98;0.0;1071.69;0.0;3.2960000000000003
2020-04;B0000000002;Carro;Escapamento;Esporte;Campanha;2020-03-10;2020-04-10;10443;514799.31;705299.8;177786.08;253468.5;1038.551
2020-04;B0000000002;Carro;Escapamento;Esporte;Controle;2020-03-10;2020-04-10;1168;60301.52;72725.17;20639.18;27275.07;119.171
2020-04;B0000000005;Carro;Rodas Pneus;Esportivo;Campanha;2020-03-19;2020-04-19;13508;1124384.28;1841315.14;391398.95;676582.69;1462.082
2020-04;B0000000005;Carro;Rodas Pneus;Esportivo;Controle;2020-03-19;2020-04-19;1426;113310.43;204073.47;36783.68;74286.78;160.174
2020-04;B0000000006;Carro;Rodas Pneus;Premium;Campanha;2020-03-16;2020-04-16;11506;922631.57;1168902.94;323076.1;418572.36;2071.927
2020-04;B0000000006;Carro;Rodas Pneus;Premium;Controle;2020-03-16;2020-04-16;1169;94563.48;136759.94;33221.51;50060.38;180.674
2020-04;B0000000007;Carro;Rodas Pneus;Basico;Campanha;2020-03-17;2020-04-17;12598;952949.47;1556759.74;328123.55;536041.97;1544.59
2020-04;B0000000007;Carro;Rodas Pneus;Basico;Controle;2020-03-17;2020-04-17;1340;96950.75;152663.46;34065.26;55096.15;162.526
2020-04;B0000000009;Carro;Som;Multimedia;Campanha;2020-03-14;2020-04-14;11349;811329.73;1016280.79;282410.88;365367.93;4903.212
2020-04;B0000000009;Carro;Som;Multimedia;Controle;2020-03-14;2020-04-14;1125;79527.03;90694.55;28223.24;33926.54;586.066
2020-04;B0000000012;Carro;Som;Basico;Campanha;2020-03-20;2020-04-20;12226;1078132.19;1766910.91;372922.15;487284.4;1214.552
2020-04;B0000000012;Carro;Som;Basico;Controle;2020-03-20;2020-04-20;1352;107987.14;189680.38;36794.2;68820.31;84.907
2020-04;B0000000014;Carro;Lataria Adesivacao;Premium;Campanha;2020-03-15;2020-04-15;6174;446768.82;576225.33;151747.81;210815.62;1381.54
2020-04;B0000000014;Carro;Lataria Adesivacao;Premium;Controle;2020-03-15;2020-04-15;660;49754.95;67532.57;16788.56;27201.07;220.852
2020-04;B0000000016;Carro;Lataria Adesivacao;High End;Campanha;2020-03-09;2020-04-09;3932;190734.68;233469.22;66973.08;82940.34;2039.697
2020-04;B0000000016;Carro;Lataria Adesivacao;High End;Controle;2020-03-09;2020-04-09;420;19890.09;25997.73;6870.48;8993.15;146.675
2020-04;B0000000017;Carro;Estofamento Bancos;Premium;Campanha;2020-03-13;2020-04-13;6190;410271.46;519163.6;143338.26;187936.84;3210.602
2020-04;B0000000017;Carro;Estofamento Bancos;Premium;Controle;2020-03-13;2020-04-13;635;38810.78;50220.02;13460.34;17683.86;206.088
2020-04;B0000000019;Carro;Estofamento Bancos;High End;Campanha;2020-03-09;2020-04-09;5968;301429.71;380658.36;101021.92;135469.54;2971.433
2020-04;B0000000019;Carro;Estofamento Bancos;High End;Controle;2020-03-09;2020-04-09;599;28851.06;45334.12;9345.47;17416.24;264.87
2020-04;B0000000021;Carro;Escapamento;Esporte;Campanha;2020-03-10;2020-04-10;5294;276410.59;359635.35;97693.41;129348.25;1056.14
2020-04;B0000000021;Carro;Escapamento;Esporte;Controle;2020-03-10;2020-04-10;546;30018.2;32287.41;9791.33;10964.87;84.64
2020-04;B0000000024;Carro;Rodas Pneus;Esportivo;Campanha;2020-03-19;2020-04-19;9516;798239.64;1336524.61;269684.17;491097.24;2162.688
2020-04;B0000000024;Carro;Rodas Pneus;Esportivo;Controle;2020-03-19;2020-04-19;1091;96175.12;145245.27;32893.98;53932.4;175.336
2020-04;B0000000025;Carro;Rodas Pneus;Premium;Campanha;2020-03-16;2020-04-16;5364;435099.03;566228.02;148730.68;209277.09;1813.926
2020-04;B0000000025;Carro;Rodas Pneus;Premium;Controle;2020-03-16;2020-04-16;517;41257.81;51047.28;14303.45;18588.34;234.454
2020-04;B0000000026;Carro;Rodas Pneus;Basico;Campanha;2020-03-17;2020-04-17;8660;658289.91;1032335.98;219774.13;381199.55;2213.406
2020-04;B0000000026;Carro;Rodas Pneus;Basico;Controle;2020-03-17;2020-04-17;1033;76354.28;120966.94;28223.62;44789.08;166.356
2020-04;B0000000028;Carro;Som;Multimedia;Campanha;2020-03-14;2020-04-14;5786;390991.09;517169.55;136364.76;189526.03;5322.376
2020-04;B0000000028;Carro;Som;Multimedia;Controle;2020-03-14;2020-04-14;553;32992.29;46041.65;10589.74;17318.73;406.22
2020-04;B0000000031;Carro;Som;Basico;Campanha;2020-03-20;2020-04-20;7447;658682.75;1043467.71;227318.54;378436.49;1540.076
2020-04;B0000000031;Carro;Som;Basico;Controle;2020-03-20;2020-04-20;811;72081.43999999999;113418.1;25445.28;40929.37;185.182
2020-04;B0000000033;Carro;Lataria Adesivacao;Premium;Campanha;2020-03-15;2020-04-15;791;68585.44;95838.45;22892.64;38635.95;414.966
2020-04;B0000000033;Carro;Lataria Adesivacao;Premium;Controle;2020-03-15;2020-04-15;89;6092.27;9172.27;1928.73;3098.66;41.532000000000004
2020-04;B0000000035;Carro;Lataria Adesivacao;High End;Campanha;2020-03-09;2020-04-09;751;39944.62;47349.68;13846.65;16265.92;679.522
2020-04;B0000000035;Carro;Lataria Adesivacao;High End;Controle;2020-03-09;2020-04-09;69;3799.8;2976.92;2361.45;1153.75;52.775999999999996
2020-04;B0000000036;Carro;Estofamento Bancos;Premium;Campanha;2020-03-13;2020-04-13;793;53602.43;73747.77;18012.08;28386.2;867.642
2020-04;B0000000036;Carro;Estofamento Bancos;Premium;Controle;2020-03-13;2020-04-13;65;4634.58;6402.65;1709.58;2150.12;81.994
2020-04;B0000000038;Carro;Estofamento Bancos;High End;Campanha;2020-03-09;2020-04-09;783;43097.299999999996;50175.97;12093.27;18308.19;1100.022
2020-04;B0000000038;Carro;Estofamento Bancos;High End;Controle;2020-03-09;2020-04-09;82;4309.16;4912.12;1419.28;1514.72;81.196
2020-04;B0000000040;Carro;Escapamento;Esporte;Campanha;2020-03-10;2020-04-10;5566;273702.81;390914.23;93366.49;143752.38;1509.609
2020-04;B0000000040;Carro;Escapamento;Esporte;Controle;2020-03-10;2020-04-10;622;33374.08;45595.44;11534.38;15876.58;181.446
2020-04;B0000000043;Carro;Rodas Pneus;Esportivo;Campanha;2020-03-19;2020-04-19;9415;797487.63;1284390.32;270378.84;469052.96;3669.051
2020-04;B0000000043;Carro;Rodas Pneus;Esportivo;Controle;2020-03-19;2020-04-19;1072;90467.01;154047.11000000002;30857.62;57141.71;356.001
2020-04;B0000000044;Carro;Rodas Pneus;Premium;Campanha;2020-03-16;2020-04-16;5506;414300.71;554136.73;142142.44;201648.08;2784.75
2020-04;B0000000044;Carro;Rodas Pneus;Premium;Controle;2020-03-16;2020-04-16;544;46627.14;56141.91;16231.12;21076.04;270.099
2020-04;B0000000045;Carro;Rodas Pneus;Basico;Campanha;2020-03-17;2020-04-17;9140;735826.06;1184446.09;254991.46;440837.3;3664.437
2020-04;B0000000045;Carro;Rodas Pneus;Basico;Controle;2020-03-17;2020-04-17;1037;81722.93;146370.43;28921.38;59495.88;371.871
2020-04;B0000000047;Carro;Som;Multimedia;Campanha;2020-03-14;2020-04-14;5800;382242.63;510936.97;129100.01;187176.32;6871.11
2020-04;B0000000047;Carro;Som;Multimedia;Controle;2020-03-14;2020-04-14;598;39822.89;51499.22;12746.789999999999;19374.92;759.459
2020-04;B0000000050;Carro;Som;Basico;Campanha;2020-03-20;2020-04-20;8820;764546.15;1269344.2;258913.94;463126.81;2977.854
2020-04;B0000000050;Carro;Som;Basico;Controle;2020-03-20;2020-04-20;1063;90067.94;155348.64;29322.53;59099.86;372.057
2020-04;B0000000052;Carro;Lataria Adesivacao;Premium;Campanha;2020-03-15;2020-04-15;541;35515.58;52010.51;12011.42;19055.11;292.404
2020-04;B0000000052;Carro;Lataria Adesivacao;Premium;Controle;2020-03-15;2020-04-15;65;5688.34;7940.64;2004.05;2609.81;22.191
2020-04;B0000000054;Carro;Lataria Adesivacao;High End;Campanha;2020-03-09;2020-04-09;469;25717.96;33301.32;8781.58;12479.88;1219.329
2020-04;B0000000054;Carro;Lataria Adesivacao;High End;Controle;2020-03-09;2020-04-09;61;2520.78;3343.54;803.47;1382.77;139.761
2020-04;B0000000055;Carro;Estofamento Bancos;Premium;Campanha;2020-03-13;2020-04-13;533;43056.13;54180.64;13970.31;18796.77;855.783
2020-04;B0000000055;Carro;Estofamento Bancos;Premium;Controle;2020-03-13;2020-04-13;70;6321.36;5965.4;2115.18;1885.35;145.98
2020-04;B0000000057;Carro;Estofamento Bancos;High End;Campanha;2020-03-09;2020-04-09;490;24449.55;36109.83;7761.98;12946.42;903.738
2020-04;B0000000057;Carro;Estofamento Bancos;High End;Controle;2020-03-09;2020-04-09;50;3141.0299999999997;2120.63;789.5;728.25;181.164
2020-04;B0000000104;Moto;Rodas Pneus;Premium;Campanha;2020-03-16;2020-04-16;14622;1321785.94;1809014.49;451172.34;675992.77;1269.531
2020-04;B0000000104;Moto;Rodas Pneus;Premium;Controle;2020-03-16;2020-04-16;1504;130446.77;182902.81;44704.44;68890.2;115.28
2020-04;B0000000105;Moto;Rodas Pneus;Basico;Campanha;2020-03-17;2020-04-17;10169;869045.0499999999;1268528.31;293622.05;465100.96;5323.757
2020-04;B0000000105;Moto;Rodas Pneus;Basico;Controle;2020-03-17;2020-04-17;1106;85430.67;133612.52;29268.45;47189.55;492.265
2020-04;B0000000107;Moto;Lataria Adesivacao;Premium;Campanha;2020-03-15;2020-04-15;3564;258454.04;325035.01;88853.84;121355.8;3859.314
2020-04;B0000000107;Moto;Lataria Adesivacao;Premium;Controle;2020-03-15;2020-04-15;349;30204.36;36458.94;9967.97;14909.6;547.6410000000001
2020-04;B0000000109;Moto;Lataria Adesivacao;High End;Campanha;2020-03-11;2020-04-11;3476;200196.64;270711.66;66737.39;106675.73;1581.454
2020-04;B0000000109;Moto;Lataria Adesivacao;High End;Controle;2020-03-11;2020-04-11;412;21697.79;25451.36;7050.32;10063.26;121.886
2020-04;B0000000113;Moto;Rodas Pneus;Premium;Campanha;2020-03-16;2020-04-16;2981;242335.52;334082.76;81890.57;122114.21;614.214
2020-04;B0000000113;Moto;Rodas Pneus;Premium;Controle;2020-03-16;2020-04-16;311;23107.11;34617.01;8043.29;13942.3;78.144
2020-04;B0000000114;Moto;Rodas Pneus;Basico;Campanha;2020-03-17;2020-04-17;5918;430261.16;675199.88;144534.37;246961.58;5493.626
2020-04;B0000000114;Moto;Rodas Pneus;Basico;Controle;2020-03-17;2020-04-17;642;46798.03;61595.07;16375.43;21994.08;825.87
2020-04;B0000000116;Moto;Lataria Adesivacao;Premium;Campanha;2020-03-15;2020-04-15;833;64091.75;84459.13;21358.36;32336.81;1991.4720000000002
2020-04;B0000000116;Moto;Lataria Adesivacao;Premium;Controle;2020-03-15;2020-04-15;91;5167.7300000000005;6475.58;1617.99;2304.2799999999997;168.38
2020-04;B0000000118;Moto;Lataria Adesivacao;High End;Campanha;2020-03-11;2020-04-11;760;47123.67;55129.2;16319.05;19982.89;1180.844
2020-04;B0000000118;Moto;Lataria Adesivacao;High End;Controle;2020-03-11;2020-04-11;93;3716.55;8359.8;1313.44;3088.23;82.394
2020-04;B0000000122;Moto;Rodas Pneus;Premium;Campanha;2020-03-16;2020-04-16;3105;238535.92;316717.86;42442.28999999999;118714.1;837.177
2020-04;B0000000122;Moto;Rodas Pneus;Premium;Controle;2020-03-16;2020-04-16;307;24353.58;38649.99;8537.54;16355.390000000001;91.944
2020-04;B0000000123;Moto;Rodas Pneus;Basico;Campanha;2020-03-17;2020-04-17;5999;443720.5;680181.76;149832.11;234765.1;8238.945
2020-04;B0000000123;Moto;Rodas Pneus;Basico;Controle;2020-03-17;2020-04-17;652;46418.39;77096.02;15764.83;29055.69;997.782
2020-04;B0000000125;Moto;Lataria Adesivacao;Premium;Campanha;2020-03-15;2020-04-15;555;43806.19;55225.88;14274.36;20150.28;2171.775
2020-04;B0000000125;Moto;Lataria Adesivacao;Premium;Controle;2020-03-15;2020-04-15;66;5263.74;4912.19;1679.58;2076.31;167.91299999999998
2020-04;B0000000127;Moto;Lataria Adesivacao;High End;Campanha;2020-03-11;2020-04-11;568;31226.11;36622.06;10530.26;13104.18;890.049
2020-04;B0000000127;Moto;Lataria Adesivacao;High End;Controle;2020-03-11;2020-04-11;52;3244.95;2045.87;953.6700000000001;607.7;105.894
2020-04;B0000000128;Caminhao;Cabine;Premium;Campanha;2020-03-18;2020-04-18;704;66272.65;92163.47;23321.03;33420.09;123.297
2020-04;B0000000128;Caminhao;Cabine;Premium;Controle;2020-03-18;2020-04-18;70;6314.9400000000005;7814.42;2212.82;2706.06;0.0
2020-04;B0000000130;Caminhao;Cabine;Intermediario;Campanha;2020-03-23;2020-04-23;294;21841.57;42908.26;7672.1;16815.27;9.093
2020-04;B0000000130;Caminhao;Cabine;Intermediario;Controle;2020-03-23;2020-04-23;35;2471.96;4597.44;880.23;1658.52;2.398
2020-04;B0000000131;Caminhao;Cabine;Basico;Campanha;2020-03-12;2020-04-12;214;8578.17;6622.94;3262.92;2594.73;97.892
2020-04;B0000000131;Caminhao;Cabine;Basico;Controle;2020-03-12;2020-04-12;25;922.21;757.31;343.12;225.09;0.0
2020-04;B0000000134;Caminhao;Carroceria;Basico;Campanha;2020-03-18;2020-04-18;631;36246.67;53469.68;13142.98;19913.25;220.566
2020-04;B0000000134;Caminhao;Carroceria;Basico;Controle;2020-03-18;2020-04-18;76;4439.8099999999995;5978.78;1670.1;2255.67;37.689
2020-04;B0000000140;Caminhao;Cabine;Premium;Campanha;2020-03-18;2020-04-18;537;25332.31;38461.95;9981.64;13993.32;5.997999999999999
2020-04;B0000000140;Caminhao;Cabine;Premium;Controle;2020-03-18;2020-04-18;72;5174.16;3763.1;1817.89;1313.85;0.0
2020-04;B0000000142;Caminhao;Cabine;Intermediario;Campanha;2020-03-23;2020-04-23;404;20757.34;35610.71;7467.98;13981.62;57.358000000000004
2020-04;B0000000142;Caminhao;Cabine;Intermediario;Controle;2020-03-23;2020-04-23;61;2799.67;6115.54;1112.24;2458.41;14.748000000000001
2020-04;B0000000143;Caminhao;Cabine;Basico;Campanha;2020-03-12;2020-04-12;348;16704.1;16910.579999999998;5986.93;6236.2;171.23
2020-04;B0000000143;Caminhao;Cabine;Basico;Controle;2020-03-12;2020-04-12;37;2459.38;1074.29;807.75;338.69;2.798
2020-04;B0000000146;Caminhao;Carroceria;Basico;Campanha;2020-03-18;2020-04-18;528;29504.7;38530.15;11833.56;14116.630000000001;375.052
2020-04;B0000000146;Caminhao;Carroceria;Basico;Controle;2020-03-18;2020-04-18;51;2562.36;4107.85;998.29;1337.34;6.394
2020-04;B0000000163;Offroad;Rodas Pneus;Lama;Campanha;2020-03-21;2020-04-21;175;11209.49;17730.010000000002;4076.89;6874.78;15.094000000000001
2020-04;B0000000163;Offroad;Rodas Pneus;Lama;Controle;2020-03-21;2020-04-21;33;2778.58;3974.8799999999997;984.49;1303.31;0.0
2020-04;B0000000164;Offroad;Rodas Pneus;Estrada;Campanha;2020-03-22;2020-04-22;500;28180.2;33688.840000000004;10247.23;12230.0;14.681000000000001
2020-04;B0000000164;Offroad;Rodas Pneus;Estrada;Controle;2020-03-22;2020-04-22;50;3204.34;3305.4;1175.85;963.74;0.0
2020-04;B0000000168;Offroad;Equipamentos Trilha;Premium;Campanha;2020-03-23;2020-04-23;332;19083.88;26318.54;7192.62;10541.74;651.429
2020-04;B0000000168;Offroad;Equipamentos Trilha;Premium;Controle;2020-03-23;2020-04-23;34;3007.9;2933.33;1132.75;1186.83;86.806
2020-04;B0000000173;Offroad;Rodas Pneus;Lama;Campanha;2020-03-21;2020-04-21;357;16640.84;24026.14;5913.89;8961.72;90.60000000000001
2020-04;B0000000173;Offroad;Rodas Pneus;Lama;Controle;2020-03-21;2020-04-21;40;3861.35;3878.28;1516.6000000000001;1317.3400000000001;38.288
2020-04;B0000000174;Offroad;Rodas Pneus;Estrada;Campanha;2020-03-22;2020-04-22;229;13129.52;18888.78;4663.7;7343.04;38.144
2020-04;B0000000174;Offroad;Rodas Pneus;Estrada;Controle;2020-03-22;2020-04-22;27;1036.56;2467.6;398.88;834.1800000000001;0.0
2020-04;B0000000178;Offroad;Equipamentos Trilha;Premium;Campanha;2020-03-23;2020-04-23;180;9607.84;16215.22;3256.08;5840.25;580.856
2020-04;B0000000178;Offroad;Equipamentos Trilha;Premium;Controle;2020-03-23;2020-04-23;27;1282.35;2508.76;564.6;765.5600000000001;35.356
2020-04;B0000000195;Offroad;Rodas Pneus;Lama;Campanha;2020-03-21;2020-04-21;413;17400.36;40849.56;6303.24;14194.31;11.593
2020-04;B0000000195;Offroad;Rodas Pneus;Lama;Controle;2020-03-21;2020-04-21;37;1213.57;3892.46;472.3;1603.68;0.0
2020-04;B0000000196;Offroad;Rodas Pneus;Estrada;Campanha;2020-03-22;2020-04-22;322;28204.8;56822.840000000004;9850.22;20207.47;10.389
2020-04;B0000000196;Offroad;Rodas Pneus;Estrada;Controle;2020-03-22;2020-04-22;41;5071.57;9324.66;1395.86;3492.48;2.198
2020-04;B0000000203;Offroad;Rodas Pneus;Lama;Campanha;2020-03-21;2020-04-21;643;54158.89;71047.36;19092.5;26001.32;121.406
2020-04;B0000000203;Offroad;Rodas Pneus;Lama;Controle;2020-03-21;2020-04-21;69;4234.32;7416.31;1508.53;2547.87;0.0
2020-04;B0000000204;Offroad;Rodas Pneus;Estrada;Campanha;2020-03-22;2020-04-22;584;45350.43;69861.81;15677.42;24634.99;30.578
2020-04;B0000000204;Offroad;Rodas Pneus;Estrada;Controle;2020-03-22;2020-04-22;76;7224.7300000000005;6742.87;3318.4;2167.9;10.994
2020-04;B0000000439;Carro;Escapamento;Esporte;Campanha;2020-03-10;2020-04-10;557;27599.86;5822.15;10060.5;2299.66;34.871
2020-04;B0000000442;Carro;Rodas Pneus;Esportivo;Campanha;2020-03-19;2020-04-19;720;65407.45;32307.8;25154.49;12356.07;80.277
2020-04;B0000000443;Carro;Rodas Pneus;Premium;Campanha;2020-03-16;2020-04-16;905;55632.91;63699.17;20517.24;25404.63;112.071
2020-04;B0000000444;Carro;Rodas Pneus;Basico;Campanha;2020-03-17;2020-04-17;862;65550.8;28089.08;24006.37;10451.49;72.75
2020-04;B0000000446;Carro;Som;Multimedia;Campanha;2020-03-14;2020-04-14;1077;49000.32;68586.9;17958.26;26479.33;311.055
2020-04;B0000000449;Carro;Som;Basico;Campanha;2020-03-20;2020-04-20;167;17484.87;9404.9;6046.79;3286.37;9.91
2020-04;B0000000453;Carro;Lataria Adesivacao;High End;Campanha;2020-03-09;2020-04-09;179;5346.33;7707.33;2130.49;2984.13;41.585
2020-04;B0000000456;Carro;Estofamento Bancos;High End;Campanha;2020-03-09;2020-04-09;715;26099.87;21582.25;9443.23;7927.44;263.423
2020-04;B0000000458;Carro;Escapamento;Esporte;Campanha;2020-03-10;2020-04-10;548;24631.0;4664.31;9168.34;1681.2;45.592
2020-04;B0000000461;Carro;Rodas Pneus;Esportivo;Campanha;2020-03-19;2020-04-19;784;65958.83;40853.36;24055.62;14451.57;159.794
2020-04;B0000000462;Carro;Rodas Pneus;Premium;Campanha;2020-03-16;2020-04-16;996;51739.78;68004.75;18641.34;26396.6;244.968
2020-04;B0000000463;Carro;Rodas Pneus;Basico;Campanha;2020-03-17;2020-04-17;681;44965.08;23512.12;17981.77;8757.5;87.516
2020-04;B0000000465;Carro;Som;Multimedia;Campanha;2020-03-14;2020-04-14;953;45605.84;58273.57;16346.92;21688.47;674.4
2020-04;B0000000468;Carro;Som;Basico;Campanha;2020-03-20;2020-04-20;202;16904.51;16547.01;5981.9800000000005;8380.64;53.846
2020-04;B0000000470;Carro;Lataria Adesivacao;Premium;Campanha;2020-03-12;2020-04-12;657;26178.93;36393.020000000004;9145.24;13858.710000000001;213.15
2020-04;B0000000472;Carro;Lataria Adesivacao;High End;Campanha;2020-03-09;2020-04-09;564;21880.98;19006.35;8083.15;7697.84;687.332
2020-04;B0000000473;Carro;Estofamento Bancos;Premium;Campanha;2020-03-13;2020-04-13;657;30677.08;38171.1;11243.0;14493.57;807.672
2020-04;B0000000475;Carro;Estofamento Bancos;High End;Campanha;2020-03-09;2020-04-09;700;23992.06;26771.06;8229.66;10008.94;509.31
2020-04;B0000000477;Carro;Escapamento;Esporte;Campanha;2020-03-10;2020-04-10;529;25442.25;4051.06;9067.94;1425.7;154.068
2020-04;B0000000480;Carro;Rodas Pneus;Esportivo;Campanha;2020-03-19;2020-04-19;1073;87149.28;48919.48;31542.89;17226.53;295.896
2020-04;B0000000481;Carro;Rodas Pneus;Premium;Campanha;2020-03-16;2020-04-16;1061;56085.65;74473.44;20026.18;28690.85;230.33100000000002
2020-04;B0000000482;Carro;Rodas Pneus;Basico;Campanha;2020-03-17;2020-04-17;639;52113.87;29944.44;20993.11;13726.85;156.783
2020-04;B0000000484;Carro;Som;Multimedia;Campanha;2020-03-14;2020-04-14;933;48931.53;56852.7;18562.76;21886.57;962.883
2020-04;B0000000487;Carro;Som;Basico;Campanha;2020-03-20;2020-04-20;202;16480.05;7904.67;5959.39;2776.33;231.46200000000002
2020-04;B0000000491;Carro;Lataria Adesivacao;High End;Campanha;2020-03-09;2020-04-09;376;14898.61;13192.1;5746.06;5269.55;414.219
2020-04;B0000000492;Carro;Estofamento Bancos;Premium;Campanha;2020-03-13;2020-04-13;764;33732.86;43670.85;11764.66;16196.65;963.144
2020-04;B0000000494;Carro;Estofamento Bancos;High End;Campanha;2020-03-09;2020-04-09;792;27653.13;26459.23;10170.66;9716.57;931.557
2020-04;B0000000543;Moto;Rodas Pneus;Premium;Campanha;2020-03-16;2020-04-16;420;24279.11;19252.86;8327.28;6900.89;29.611
2020-04;B0000000544;Moto;Rodas Pneus;Basico;Campanha;2020-03-17;2020-04-17;387;27141.06;3083.73;9498.75;1114.12;87.318
2020-04;B0000000546;Moto;Lataria Adesivacao;Premium;Campanha;2020-03-12;2020-04-12;200;8382.61;8916.73;3452.17;3252.84;92.915
2020-04;B0000000548;Moto;Lataria Adesivacao;High End;Campanha;2020-03-11;2020-04-11;278;14760.29;659.46;5375.74;235.31;259.723
2020-04;B0000000552;Moto;Rodas Pneus;Premium;Campanha;2020-03-16;2020-04-16;415;22041.49;23063.81;7685.23;9217.01;86.446
2020-04;B0000000553;Moto;Rodas Pneus;Basico;Campanha;2020-03-17;2020-04-17;465;30171.11;15655.57;11225.05;5468.71;383.63599999999997
2020-04;B0000000555;Moto;Lataria Adesivacao;Premium;Campanha;2020-03-12;2020-04-12;198;7308.48;7416.78;2483.91;2668.9900000000002;389.176
2020-04;B0000000557;Moto;Lataria Adesivacao;High End;Campanha;2020-03-11;2020-04-11;128;5068.22;603.46;1777.79;202.44;70.31
2020-04;B0000000561;Moto;Rodas Pneus;Premium;Campanha;2020-03-16;2020-04-16;449;23861.83;30400.76;8521.43;10983.16;59.376
2020-04;B0000000562;Moto;Rodas Pneus;Basico;Campanha;2020-03-17;2020-04-17;274;22888.59;857.4100000000001;5499.92;311.73;297.033
2020-04;B0000000564;Moto;Lataria Adesivacao;Premium;Campanha;2020-03-12;2020-04-12;171;7591.85;7041.53;2703.31;2787.63;389.193
2020-04;B0000000566;Moto;Lataria Adesivacao;High End;Campanha;2020-03-11;2020-04-11;124;4763.0;896.52;1859.54;238.84;511.161
2020-04;B0000000567;Caminhao;Cabine;Premium;Campanha;2020-03-18;2020-04-18;97;5447.19;2118.6;2763.63;899.9;0.0
2020-04;B0000000569;Caminhao;Cabine;Intermediario;Campanha;2020-03-23;2020-04-23;41;2277.02;481.73;913.37;196.38;7.792
2020-04;B0000000570;Caminhao;Cabine;Basico;Campanha;2020-03-12;2020-04-12;37;1645.72;378.54;685.96;176.09;21.745
2020-04;B0000000572;Caminhao;Carroceria;Basico;Campanha;2020-03-18;2020-04-18;34;1778.2;222.42999999999998;659.75;97.3;22.55
2020-04;B0000000577;Caminhao;Cabine;Premium;Campanha;2020-03-18;2020-04-18;70;5085.13;2084.16;2002.67;679.04;135.392
2020-04;B0000000579;Caminhao;Cabine;Intermediario;Campanha;2020-03-23;2020-04-23;21;1969.77;678.58;756.46;276.29;12.986
2020-04;B0000000580;Caminhao;Cabine;Basico;Campanha;2020-03-12;2020-04-12;72;2048.1800000000003;2846.8900000000003;692.1700000000001;1086.7;31.988
2020-04;B0000000583;Caminhao;Carroceria;Basico;Campanha;2020-03-18;2020-04-18;24;1480.73;5.99;658.28;0.0700000000000003;39.326
2020-04;B0000000601;Offroad;Rodas Pneus;Lama;Campanha;2020-03-21;2020-04-21;44;3329.93;731.42;1265.63;286.53;7.721
2020-04;B0000000612;Offroad;Rodas Pneus;Estrada;Campanha;2020-03-22;2020-04-22;75;2340.3;3908.88;1063.76;1861.0500000000002;0.0
2020-04;B0000000633;Offroad;Rodas Pneus;Estrada;Campanha;2020-03-22;2020-04-22;101;7573.78;3392.65;3367.37;1301.33;8.29
2020-04;B0000000640;Offroad;Rodas Pneus;Lama;Campanha;2020-03-21;2020-04-21;19;535.49;470.18;191.28;186.64000000000001;0.0
2020-04;B0000000641;Offroad;Rodas Pneus;Estrada;Campanha;2020-03-22;2020-04-22;59;2470.36;1673.73;966.04;544.36;7.7940000000000005
2020-04;B0000000727;Offroad;Rodas Pneus;Estrada;Campanha;2020-03-22;2020-04-22;110;4513.42;3523.12;1569.34;1497.13;0.0
2020-05;B0000000002;Carro;Escapamento;Esporte;Campanha;2020-05-19;2020-06-19;12962;897029.88;970600.06;331523.93;348083.07;1765.53
2020-05;B0000000002;Carro;Escapamento;Esporte;Controle;2020-05-19;2020-06-19;1381;91439.67;103280.59;32869.82;35829.15;172.912
2020-05;B0000000005;Carro;Rodas Pneus;Esportivo;Campanha;2020-05-20;2020-06-20;12845;873231.24;875930.96;323020.85;311654.76;1255.4950000000001
2020-05;B0000000005;Carro;Rodas Pneus;Esportivo;Controle;2020-05-20;2020-06-20;1347;77832.06;95361.41;28031.59;33435.12;89.482
2020-05;B0000000006;Carro;Rodas Pneus;Premium;Campanha;2020-05-20;2020-06-20;13489;885664.75;939239.1;329711.09;339603.84;1905.325
2020-05;B0000000006;Carro;Rodas Pneus;Premium;Controle;2020-05-20;2020-06-20;1368;86035.66;93554.7;31755.670000000002;33819.62;147.169
2020-05;B0000000007;Carro;Rodas Pneus;Basico;Campanha;2020-05-21;2020-06-21;24569;1478618.49;1477026.94;544802.29;528597.28;2679.205
2020-05;B0000000007;Carro;Rodas Pneus;Basico;Controle;2020-05-21;2020-06-21;3569;190789.19;210663.6;66496.36;74047.03;390.398
2020-05;B0000000009;Carro;Som;Multimedia;Campanha;2020-05-18;2020-06-18;12458;950197.25;1007176.72;346829.83;368929.27;5037.266
2020-05;B0000000009;Carro;Som;Multimedia;Controle;2020-05-18;2020-06-18;1249;87686.35;104755.14;32057.4;37329.76;426.267
2020-05;B0000000012;Carro;Som;Basico;Campanha;2020-05-20;2020-06-20;17618;1170375.18;1225721.63;427816.53;439172.49;1154.744
2020-05;B0000000012;Carro;Som;Basico;Controle;2020-05-20;2020-06-20;1810;121064.87;114499.31;44020.17;40342.99;148.442
2020-05;B0000000014;Carro;Lataria Adesivacao;Premium;Campanha;2020-05-25;2020-06-25;5166;215956.3;197455.21;81160.49;71322.61;530.149
2020-05;B0000000014;Carro;Lataria Adesivacao;Premium;Controle;2020-05-25;2020-06-25;567;22855.84;19451.44;8229.52;6967.12;51.416
2020-05;B0000000016;Carro;Lataria Adesivacao;High End;Campanha;2020-05-15;2020-06-15;6434;555150.92;581549.91;204785.31;207952.13;5553.659
2020-05;B0000000016;Carro;Lataria Adesivacao;High End;Controle;2020-05-15;2020-06-15;744;74503.01;67233.41;26493.16;24797.81;698.821
2020-05;B0000000017;Carro;Estofamento Bancos;Premium;Campanha;2020-05-26;2020-06-26;4903;190762.28;159017.05;70648.75;57279.05;1715.546
2020-05;B0000000017;Carro;Estofamento Bancos;Premium;Controle;2020-05-26;2020-06-26;556;20548.51;18355.07;7620.42;7144.66;167.733
2020-05;B0000000018;Carro;Estofamento Bancos;Basico;Campanha;2020-05-26;2020-06-26;6570;237935.9;212176.5;88683.7;78333.95;44.896
2020-05;B0000000018;Carro;Estofamento Bancos;Basico;Controle;2020-05-26;2020-06-26;687;24900.329999999998;20551.5;9032.71;7268.77;0.0
2020-05;B0000000019;Carro;Estofamento Bancos;High End;Campanha;2020-05-18;2020-06-18;6821;521769.19;550422.42;195350.83;201632.34;4568.591
2020-05;B0000000019;Carro;Estofamento Bancos;High End;Controle;2020-05-18;2020-06-18;707;48350.2;51695.07;17604.56;18060.09;541.965
2020-05;B0000000021;Carro;Escapamento;Esporte;Campanha;2020-05-19;2020-06-19;5685;399834.04;422444.84;146635.22;150327.03;1372.236
2020-05;B0000000021;Carro;Escapamento;Esporte;Controle;2020-05-19;2020-06-19;580;38900.96;42856.62;14114.67;15872.7;137.95600000000002
2020-05;B0000000024;Carro;Rodas Pneus;Esportivo;Campanha;2020-05-20;2020-06-20;6319;461811.41;449460.47;172698.69;162293.43;1159.45
2020-05;B0000000024;Carro;Rodas Pneus;Esportivo;Controle;2020-05-20;2020-06-20;626;43873.77;44374.9;16750.92;16406.34;86.726
2020-05;B0000000025;Carro;Rodas Pneus;Premium;Campanha;2020-05-20;2020-06-20;6038;428374.11;432924.65;158935.41;155484.32;1533.362
2020-05;B0000000025;Carro;Rodas Pneus;Premium;Controle;2020-05-20;2020-06-20;667;44086.28;54687.73;16101.78;19263.44;145.344
2020-05;B0000000026;Carro;Rodas Pneus;Basico;Campanha;2020-05-21;2020-06-21;6152;410436.19;397490.77;161088.35;141422.63;965.464
2020-05;B0000000026;Carro;Rodas Pneus;Basico;Controle;2020-05-21;2020-06-21;892;43525.95;55966.02;15799.78;19788.96;185.766
2020-05;B0000000028;Carro;Som;Multimedia;Campanha;2020-05-18;2020-06-18;5065;403095.16;403696.27;148512.44;143533.19;4582.736
2020-05;B0000000028;Carro;Som;Multimedia;Controle;2020-05-18;2020-06-18;511;37979.14;40503.52;13570.5;14208.710000000001;342.58000000000004
2020-05;B0000000031;Carro;Som;Basico;Campanha;2020-05-20;2020-06-20;10048;662450.06;706771.02;243306.44;213857.95;1342.218
2020-05;B0000000031;Carro;Som;Basico;Controle;2020-05-20;2020-06-20;1065;71239.34;88226.28;25335.35;34005.92;128.224
2020-05;B0000000033;Carro;Lataria Adesivacao;Premium;Campanha;2020-05-25;2020-06-25;845;37484.159999999996;31763.16;14331.49;11503.27;157.17000000000002
2020-05;B0000000033;Carro;Lataria Adesivacao;Premium;Controle;2020-05-25;2020-06-25;106;4691.86;4337.52;1584.28;1503.9;28.992000000000004
2020-05;B0000000035;Carro;Lataria Adesivacao;High End;Campanha;2020-05-15;2020-06-15;935;93757.0;90555.18;35301.88;33446.88;2082.994
2020-05;B0000000035;Carro;Lataria Adesivacao;High End;Controle;2020-05-15;2020-06-15;103;11964.15;12485.970000000001;6086.93;5157.86;103.698
2020-05;B0000000036;Carro;Estofamento Bancos;Premium;Campanha;2020-05-26;2020-06-26;845;31763.97;28910.77;11173.38;10917.48;327.444
2020-05;B0000000036;Carro;Estofamento Bancos;Premium;Controle;2020-05-26;2020-06-26;86;5344.72;7417.92;2182.12;2457.06;48.578
2020-05;B0000000037;Carro;Estofamento Bancos;Basico;Campanha;2020-05-26;2020-06-26;864;30605.33;28066.21;10856.18;10814.31;0.0
2020-05;B0000000037;Carro;Estofamento Bancos;Basico;Controle;2020-05-26;2020-06-26;91;3815.94;2316.08;1436.97;819.93;0.0
2020-05;B0000000038;Carro;Estofamento Bancos;High End;Campanha;2020-05-18;2020-06-18;907;84001.35;73287.43;31651.87;26706.71;1511.122
2020-05;B0000000038;Carro;Estofamento Bancos;High End;Controle;2020-05-18;2020-06-18;88;6481.44;7667.95;2496.16;2566.17;86.536
2020-05;B0000000040;Carro;Escapamento;Esporte;Campanha;2020-05-19;2020-06-19;5933;433148.29;450563.79;161934.27;162532.63;2285.325
2020-05;B0000000040;Carro;Escapamento;Esporte;Controle;2020-05-19;2020-06-19;581;42262.36;49426.86;17014.45;17078.16;222.492
2020-05;B0000000043;Carro;Rodas Pneus;Esportivo;Campanha;2020-05-20;2020-06-20;6222;415975.91;452524.78;153163.12;166915.98;1622.739
2020-05;B0000000043;Carro;Rodas Pneus;Esportivo;Controle;2020-05-20;2020-06-20;651;44266.92;49564.18;15862.96;18699.54;226.068
2020-05;B0000000044;Carro;Rodas Pneus;Premium;Campanha;2020-05-20;2020-06-20;6251;406047.88;437442.0;150022.15;157841.16;2058.345
2020-05;B0000000044;Carro;Rodas Pneus;Premium;Controle;2020-05-20;2020-06-20;653;46893.74;47810.6;17061.7;17596.75;272.784
2020-05;B0000000045;Carro;Rodas Pneus;Basico;Campanha;2020-05-21;2020-06-21;6371;408987.66;423549.28;153468.61;155794.31;2099.91
2020-05;B0000000045;Carro;Rodas Pneus;Basico;Controle;2020-05-21;2020-06-21;864;60747.87;59596.73;-53076.090000000004;23237.22;346.302
2020-05;B0000000047;Carro;Som;Multimedia;Campanha;2020-05-18;2020-06-18;4993;400539.78;413804.9;147993.12;149228.88;6603.234
2020-05;B0000000047;Carro;Som;Multimedia;Controle;2020-05-18;2020-06-18;530;41093.17;41227.25;15073.89;15159.69;636.459
2020-05;B0000000050;Carro;Som;Basico;Campanha;2020-05-20;2020-06-20;8977;590978.97;605858.38;220343.35;217107.64;2163.939
2020-05;B0000000050;Carro;Som;Basico;Controle;2020-05-20;2020-06-20;919;58433.86;62342.55;21900.85;23009.54;189.213
2020-05;B0000000052;Carro;Lataria Adesivacao;Premium;Campanha;2020-05-25;2020-06-25;601;20912.72;20151.1;7375.03;7093.27;142.992
2020-05;B0000000052;Carro;Lataria Adesivacao;Premium;Controle;2020-05-25;2020-06-25;56;1980.83;1195.28;770.98;446.85;16.794
2020-05;B0000000054;Carro;Lataria Adesivacao;High End;Campanha;2020-05-15;2020-06-15;624;54730.43;55852.51;19957.18;19539.1;1576.659
2020-05;B0000000054;Carro;Lataria Adesivacao;High End;Controle;2020-05-15;2020-06-15;69;5267.18;6681.15;2019.18;2298.28;98.685
2020-05;B0000000055;Carro;Estofamento Bancos;Premium;Campanha;2020-05-26;2020-06-26;604;26177.0;27279.55;10658.61;10190.05;493.626
2020-05;B0000000055;Carro;Estofamento Bancos;Premium;Controle;2020-05-26;2020-06-26;64;3196.23;2280.99;1214.25;702.72;85.794
2020-05;B0000000056;Carro;Estofamento Bancos;Basico;Campanha;2020-05-26;2020-06-26;533;19615.75;16674.97;8262.72;6192.85;56.153999999999996
2020-05;B0000000056;Carro;Estofamento Bancos;Basico;Controle;2020-05-26;2020-06-26;69;2972.81;2923.81;839.3100000000001;1101.21;0.0
2020-05;B0000000057;Carro;Estofamento Bancos;High End;Campanha;2020-05-18;2020-06-18;630;63896.409999999996;59610.68;22754.68;20834.09;1915.4099999999999
2020-05;B0000000057;Carro;Estofamento Bancos;High End;Controle;2020-05-18;2020-06-18;65;6211.68;6278.24;2283.03;2068.31;0.0
2020-05;B0000000104;Moto;Rodas Pneus;Premium;Campanha;2020-05-20;2020-06-20;20454;1575820.66;1524582.41;546297.32;541651.81;1782.472
2020-05;B0000000104;Moto;Rodas Pneus;Premium;Controle;2020-05-20;2020-06-20;1986;152214.33;145725.98;56146.44;50314.84;170.938
2020-05;B0000000105;Moto;Rodas Pneus;Basico;Campanha;2020-05-21;2020-06-21;21427;1476335.13;1429922.92;547848.61;509276.62;8475.922
2020-05;B0000000105;Moto;Rodas Pneus;Basico;Controle;2020-05-21;2020-06-21;2696;178692.14;183682.4;68185.98;64748.15;835.185
2020-05;B0000000107;Moto;Lataria Adesivacao;Premium;Campanha;2020-05-25;2020-06-25;3781;141414.62;123222.75;52190.13;44298.26;1878.861
2020-05;B0000000107;Moto;Lataria Adesivacao;Premium;Controle;2020-05-25;2020-06-25;400;11367.01;11887.71;4147.45;4162.41;166.021
2020-05;B0000000109;Moto;Lataria Adesivacao;High End;Campanha;2020-05-18;2020-06-18;3575;242200.36;245170.75;87006.57;85415.64;2684.426
2020-05;B0000000109;Moto;Lataria Adesivacao;High End;Controle;2020-05-18;2020-06-18;372;30287.66;25784.21;10871.4;8831.2;357.39
2020-05;B0000000113;Moto;Rodas Pneus;Premium;Campanha;2020-05-20;2020-06-20;3733;251071.56;239425.96;88566.81;82265.93;641.914
2020-05;B0000000113;Moto;Rodas Pneus;Premium;Controle;2020-05-20;2020-06-20;381;26942.670000000002;28126.41;8986.52;9093.3;24.796
2020-05;B0000000114;Moto;Rodas Pneus;Basico;Campanha;2020-05-21;2020-06-21;4587;274873.61;284255.16;99472.92;99770.96;3312.582
2020-05;B0000000114;Moto;Rodas Pneus;Basico;Controle;2020-05-21;2020-06-21;629;39580.8;37550.94;14035.32;13649.08;470.54
2020-05;B0000000116;Moto;Lataria Adesivacao;Premium;Campanha;2020-05-25;2020-06-25;880;34870.85;31988.44;13022.31;10687.01;1054.414
2020-05;B0000000116;Moto;Lataria Adesivacao;Premium;Controle;2020-05-25;2020-06-25;101;3488.35;1357.81;1360.58;514.51;70.56400000000001
2020-05;B0000000118;Moto;Lataria Adesivacao;High End;Campanha;2020-05-18;2020-06-18;917;72991.86;72590.39;25130.19;25670.47;1463.356
2020-05;B0000000118;Moto;Lataria Adesivacao;High End;Controle;2020-05-18;2020-06-18;98;9587.76;7892.34;3677.55;2920.02;300.176
2020-05;B0000000122;Moto;Rodas Pneus;Premium;Campanha;2020-05-20;2020-06-20;3758;250786.85;235117.46;92487.42;82613.57;1055.127
2020-05;B0000000122;Moto;Rodas Pneus;Premium;Controle;2020-05-20;2020-06-20;354;30394.23;21024.95;11253.01;7401.88;147.972
2020-05;B0000000123;Moto;Rodas Pneus;Basico;Campanha;2020-05-21;2020-06-21;4904;294203.23;294551.35;105321.87;102681.14;6008.238
2020-05;B0000000123;Moto;Rodas Pneus;Basico;Controle;2020-05-21;2020-06-21;650;47257.41;40279.090000000004;16828.77;13410.61;763.2570000000001
2020-05;B0000000125;Moto;Lataria Adesivacao;Premium;Campanha;2020-05-25;2020-06-25;587;25234.239999999998;20543.24;9120.03;8157.6;1025.64
2020-05;B0000000125;Moto;Lataria Adesivacao;Premium;Controle;2020-05-25;2020-06-25;57;5917.07;4924.21;1421.82;958.84;379.602
2020-05;B0000000127;Moto;Lataria Adesivacao;High End;Campanha;2020-05-18;2020-06-18;651;47482.21;49012.1;17234.27;17792.82;1379.82
2020-05;B0000000127;Moto;Lataria Adesivacao;High End;Controle;2020-05-18;2020-06-18;66;2921.9;4654.77;1065.23;1464.13;54.588
2020-05;B0000000439;Carro;Escapamento;Esporte;Campanha;2020-05-19;2020-06-19;455;48266.92;0.0;18927.29;0.0;85.023
2020-05;B0000000442;Carro;Rodas Pneus;Esportivo;Campanha;2020-05-20;2020-06-20;188;17895.91;0.0;6676.43;0.0;29.396
2020-05;B0000000443;Carro;Rodas Pneus;Premium;Campanha;2020-05-21;2020-06-21;455;47770.4;0.0;19429.3;0.0;101.447
2020-05;B0000000444;Carro;Rodas Pneus;Basico;Campanha;2020-05-21;2020-06-21;262;26629.06;0.0;11467.55;0.0;48.385
2020-05;B0000000446;Carro;Som;Multimedia;Campanha;2020-05-19;2020-06-19;425;36317.58;0.0;13965.54;0.0;160.762
2020-05;B0000000449;Carro;Som;Basico;Campanha;2020-05-20;2020-06-20;860;83108.82;0.0;34197.28;0.0;73.065
2020-05;B0000000453;Carro;Lataria Adesivacao;High End;Campanha;2020-05-15;2020-06-15;269;30342.46;0.0;11919.27;0.0;334.529
2020-05;B0000000454;Carro;Estofamento Bancos;Premium;Campanha;2020-05-26;2020-06-26;589;36787.39;0.0;14227.01;0.0;213.511
2020-05;B0000000455;Carro;Estofamento Bancos;Basico;Campanha;2020-05-26;2020-06-26;544;28961.12;0.0;11148.35;0.0;12.999
2020-05;B0000000456;Carro;Estofamento Bancos;High End;Campanha;2020-05-19;2020-06-19;406;43306.55;0.0;18144.31;0.0;235.421
2020-05;B0000000458;Carro;Escapamento;Esporte;Campanha;2020-05-19;2020-06-19;260;28298.68;0.0;10584.14;0.0;69.974
2020-05;B0000000461;Carro;Rodas Pneus;Esportivo;Campanha;2020-05-20;2020-06-20;150;13222.85;0.0;5320.82;0.0;22.014
2020-05;B0000000462;Carro;Rodas Pneus;Premium;Campanha;2020-05-21;2020-06-21;480;51253.81;0.0;21176.14;0.0;189.62
2020-05;B0000000463;Carro;Rodas Pneus;Basico;Campanha;2020-05-21;2020-06-21;245;27897.33;0.0;10878.45;0.0;23.544
2020-05;B0000000465;Carro;Som;Multimedia;Campanha;2020-05-19;2020-06-19;164;16648.82;0.0;5942.95;0.0;179.926
2020-05;B0000000468;Carro;Som;Basico;Campanha;2020-05-20;2020-06-20;971;91647.64;0.0;35607.46;0.0;193.156
2020-05;B0000000470;Carro;Lataria Adesivacao;Premium;Campanha;2020-05-25;2020-06-25;419;28495.79;0.0;11126.9;0.0;129.352
2020-05;B0000000472;Carro;Lataria Adesivacao;High End;Campanha;2020-05-15;2020-06-15;493;63453.87;0.0;26110.88;0.0;1281.914
2020-05;B0000000473;Carro;Estofamento Bancos;Premium;Campanha;2020-05-26;2020-06-26;493;20878.5;0.0;7734.96;0.0;264.66
2020-05;B0000000474;Carro;Estofamento Bancos;Basico;Campanha;2020-05-26;2020-06-26;610;41229.72;0.0;15628.97;0.0;81.592
2020-05;B0000000475;Carro;Estofamento Bancos;High End;Campanha;2020-05-19;2020-06-19;478;50486.67;0.0;19495.29;0.0;837.432
2020-05;B0000000477;Carro;Escapamento;Esporte;Campanha;2020-05-19;2020-06-19;208;23456.14;0.0;9009.6;0.0;57.057
2020-05;B0000000480;Carro;Rodas Pneus;Esportivo;Campanha;2020-05-20;2020-06-20;296;28375.26;0.0;10026.51;0.0;157.54500000000002
2020-05;B0000000481;Carro;Rodas Pneus;Premium;Campanha;2020-05-21;2020-06-21;329;35643.62;0.0;14206.28;0.0;168.72899999999998
2020-05;B0000000482;Carro;Rodas Pneus;Basico;Campanha;2020-05-21;2020-06-21;252;26523.06;0.0;10422.45;0.0;73.659
2020-05;B0000000484;Carro;Som;Multimedia;Campanha;2020-05-19;2020-06-19;122;10273.710000000001;0.0;4051.93;0.0;157.914
2020-05;B0000000487;Carro;Som;Basico;Campanha;2020-05-20;2020-06-20;873;77596.34;0.0;30055.79;0.0;167.22899999999998
2020-05;B0000000489;Carro;Lataria Adesivacao;Premium;Campanha;2020-05-25;2020-06-25;46;3229.39;0.0;1094.6;0.0;30.264
2020-05;B0000000491;Carro;Lataria Adesivacao;High End;Campanha;2020-05-15;2020-06-15;304;41472.82;0.0;15370.31;0.0;1506.804
2020-05;B0000000492;Carro;Estofamento Bancos;Premium;Campanha;2020-05-26;2020-06-26;572;36946.78;0.0;14238.880000000001;0.0;1145.277
2020-05;B0000000493;Carro;Estofamento Bancos;Basico;Campanha;2020-05-26;2020-06-26;650;38183.42;0.0;13695.97;0.0;32.997
2020-05;B0000000494;Carro;Estofamento Bancos;High End;Campanha;2020-05-19;2020-06-19;424;42707.4;0.0;15574.14;0.0;1499.49
2020-05;B0000000543;Moto;Rodas Pneus;Premium;Campanha;2020-05-21;2020-06-21;232;21958.16;0.0;8355.37;0.0;23.913
2020-05;B0000000544;Moto;Rodas Pneus;Basico;Campanha;2020-05-21;2020-06-21;219;23647.89;0.0;10216.32;0.0;119.82000000000001
2020-05;B0000000546;Moto;Lataria Adesivacao;Premium;Campanha;2020-05-25;2020-06-25;188;11302.38;0.0;3887.67;0.0;230.683
2020-05;B0000000548;Moto;Lataria Adesivacao;High End;Campanha;2020-05-18;2020-06-18;251;22796.23;0.0;8185.61;0.0;285.813
2020-05;B0000000552;Moto;Rodas Pneus;Premium;Campanha;2020-05-21;2020-06-21;227;24952.16;0.0;9112.77;0.0;46.042
2020-05;B0000000553;Moto;Rodas Pneus;Basico;Campanha;2020-05-21;2020-06-21;140;10285.86;0.0;3713.24;0.0;57.902
2020-05;B0000000555;Moto;Lataria Adesivacao;Premium;Campanha;2020-05-26;2020-06-26;218;13161.92;0.0;4637.09;0.0;403.826
2020-05;B0000000557;Moto;Lataria Adesivacao;High End;Campanha;2020-05-18;2020-06-18;276;22730.32;0.0;8638.12;0.0;512.472
2020-05;B0000000561;Moto;Rodas Pneus;Premium;Campanha;2020-05-21;2020-06-21;191;18367.56;0.0;7252.12;0.0;57.762
2020-05;B0000000562;Moto;Rodas Pneus;Basico;Campanha;2020-05-21;2020-06-21;211;18783.5;0.0;6762.64;0.0;338.07
2020-05;B0000000564;Moto;Lataria Adesivacao;Premium;Campanha;2020-05-26;2020-06-26;233;11537.42;0.0;3922.91;0.0;1055.154
2020-05;B0000000566;Moto;Lataria Adesivacao;High End;Campanha;2020-05-18;2020-06-18;248;22778.18;0.0;8406.5;0.0;764.73
2020-06;B0000000002;Carro;Escapamento;Esporte;Campanha;2020-05-19;2020-06-19;12795;1371340.55;1516662.23;497884.15;543297.55;2607.16
2020-06;B0000000002;Carro;Escapamento;Esporte;Campanha;2020-06-11;2020-07-11;15017;847625.28;2043144.2;308225.09;755860.81;1554.324
2020-06;B0000000002;Carro;Escapamento;Esporte;Controle;2020-05-19;2020-06-19;1348;134414.25;167271.83;47968.57;59581.11;334.154
2020-06;B0000000002;Carro;Escapamento;Esporte;Controle;2020-06-11;2020-07-11;1460;82908.78;201721.17;30542.32;73227.49;128.15800000000002
2020-06;B0000000005;Carro;Rodas Pneus;Esportivo;Campanha;2020-05-20;2020-06-20;12979;1420794.83;1599261.09;506910.9;573663.72;1976.196
2020-06;B0000000005;Carro;Rodas Pneus;Esportivo;Campanha;2020-06-11;2020-07-11;15319;871940.18;2098318.33;325101.7;776861.55;1153.329
2020-06;B0000000005;Carro;Rodas Pneus;Esportivo;Controle;2020-05-20;2020-06-20;1357;143246.78;159578.9;51584.51;56407.71;169.098
2020-06;B0000000005;Carro;Rodas Pneus;Esportivo;Controle;2020-06-11;2020-07-11;1548;87232.58;230067.87;32013.07;92631.39;118.262
2020-06;B0000000006;Carro;Rodas Pneus;Premium;Campanha;2020-05-20;2020-06-20;13556;1493942.19;1645744.25;528498.13;593193.72;3330.864
2020-06;B0000000006;Carro;Rodas Pneus;Premium;Campanha;2020-06-11;2020-07-11;14736;810678.37;2041059.12;299212.48;758582.55;1744.77
2020-06;B0000000006;Carro;Rodas Pneus;Premium;Controle;2020-05-20;2020-06-20;1374;151259.09;163097.51;58154.62;58550.18;316.79
2020-06;B0000000006;Carro;Rodas Pneus;Premium;Controle;2020-06-11;2020-07-11;1482;83276.62;197466.3;30427.32;71868.67;171.899
2020-06;B0000000007;Carro;Rodas Pneus;Basico;Campanha;2020-05-21;2020-06-21;25092;2620604.65;3179291.53;931629.04;1153066.46;4533.446
2020-06;B0000000007;Carro;Rodas Pneus;Basico;Campanha;2020-06-11;2020-07-11;9550;559637.96;1339904.4;207502.49;505125.79;819.744
2020-06;B0000000007;Carro;Rodas Pneus;Basico;Controle;2020-05-21;2020-06-21;3672;382813.27;474599.15;133940.79;173988.37;670.112
2020-06;B0000000007;Carro;Rodas Pneus;Basico;Controle;2020-06-11;2020-07-11;1143;58712.49;158518.7;21321.1;60045.1;92.85
2020-06;B0000000009;Carro;Som;Multimedia;Campanha;2020-05-18;2020-06-18;12088;1208143.84;1394801.07;432737.12;505619.88;6754.732
2020-06;B0000000009;Carro;Som;Multimedia;Campanha;2020-06-05;2020-07-05;16451;1386880.9;2673568.21;499213.39;971341.99;8244.706
2020-06;B0000000009;Carro;Som;Multimedia;Controle;2020-05-18;2020-06-18;1215;120200.05;131745.86;43060.41;47193.52;817.532
2020-06;B0000000009;Carro;Som;Multimedia;Controle;2020-06-05;2020-07-05;1734;149575.7;284910.44;53743.7;102533.88;794.554
2020-06;B0000000012;Carro;Som;Basico;Campanha;2020-05-20;2020-06-20;17899;1951764.08;2116855.27;686755.08;756592.6;1962.93
2020-06;B0000000012;Carro;Som;Basico;Campanha;2020-06-12;2020-07-12;10198;514128.52;1317162.57;190528.3;499144.92;637.3
2020-06;B0000000012;Carro;Som;Basico;Controle;2020-05-20;2020-06-20;1814;196837.69;209953.11;70448.51;73586.32;176.718
2020-06;B0000000012;Carro;Som;Basico;Controle;2020-06-12;2020-07-12;1277;63510.0;156514.83;23594.67;58701.01;56.932
2020-06;B0000000014;Carro;Lataria Adesivacao;Premium;Campanha;2020-05-25;2020-06-25;5534;648384.05;903973.6;204663.17;331173.16;1724.718
2020-06;B0000000014;Carro;Lataria Adesivacao;Premium;Campanha;2020-06-11;2020-07-11;5714;345147.21;803708.41;120667.27;295375.25;1064.391
2020-06;B0000000014;Carro;Lataria Adesivacao;Premium;Controle;2020-05-25;2020-06-25;618;71568.24;105061.57;26980.54;37088.66;212.801
2020-06;B0000000014;Carro;Lataria Adesivacao;Premium;Controle;2020-06-11;2020-07-11;584;34465.82;87126.57;11805.96;32372.11;106.697
2020-06;B0000000016;Carro;Lataria Adesivacao;High End;Campanha;2020-05-15;2020-06-15;6006;501799.52;572181.09;182838.42;204496.75;4775.302
2020-06;B0000000016;Carro;Lataria Adesivacao;High End;Campanha;2020-06-05;2020-07-05;6685;581449.88;1121480.96;209468.15;411479.53;5703.098
2020-06;B0000000016;Carro;Lataria Adesivacao;High End;Controle;2020-05-15;2020-06-15;671;61064.98;67080.05;22002.53;23814.8;759.462
2020-06;B0000000016;Carro;Lataria Adesivacao;High End;Controle;2020-06-05;2020-07-05;698;55966.8;122247.27;20861.01;46530.24;641.548
2020-06;B0000000017;Carro;Estofamento Bancos;Premium;Campanha;2020-05-26;2020-06-26;5406;602324.61;886251.53;213847.35;314210.53;4716.6230000000005
2020-06;B0000000017;Carro;Estofamento Bancos;Premium;Campanha;2020-06-05;2020-07-05;6131;565384.11;1083036.41;205439.59;400780.68;4495.37
2020-06;B0000000017;Carro;Estofamento Bancos;Premium;Controle;2020-05-26;2020-06-26;603;61812.44;98756.04;21981.7;35304.47;468.401
2020-06;B0000000017;Carro;Estofamento Bancos;Premium;Controle;2020-06-05;2020-07-05;618;55201.37;105462.33;20512.32;37989.1;533.9060000000001
2020-06;B0000000018;Carro;Estofamento Bancos;Basico;Campanha;2020-05-26;2020-06-26;7251;797265.43;1165843.86;289054.67;433317.09;318.599
2020-06;B0000000018;Carro;Estofamento Bancos;Basico;Campanha;2020-06-12;2020-07-12;9077;478537.66;1224228.19;173736.0;448506.66;170.79
2020-06;B0000000018;Carro;Estofamento Bancos;Basico;Controle;2020-05-26;2020-06-26;764;87394.31;123901.04999999999;30825.18;45637.83;46.045
2020-06;B0000000018;Carro;Estofamento Bancos;Basico;Controle;2020-06-12;2020-07-12;1182;64746.22;157531.61;24853.13;58641.77;33.287
2020-06;B0000000019;Carro;Estofamento Bancos;High End;Campanha;2020-05-18;2020-06-18;6678;671350.19;765297.33;241564.23;231877.22;6587.897
2020-06;B0000000019;Carro;Estofamento Bancos;High End;Campanha;2020-06-05;2020-07-05;7577;639582.07;1244226.0;227920.65;457466.26;6368.225
2020-06;B0000000019;Carro;Estofamento Bancos;High End;Controle;2020-05-18;2020-06-18;703;65719.16;77396.75;22587.9;27691.01;870.3389999999999
2020-06;B0000000019;Carro;Estofamento Bancos;High End;Controle;2020-06-05;2020-07-05;800;68174.05;147268.17;24078.53;59165.13;530.638
2020-06;B0000000021;Carro;Escapamento;Esporte;Campanha;2020-05-19;2020-06-19;5663;608630.7;656188.18;219052.04;234846.42;1941.078
2020-06;B0000000021;Carro;Escapamento;Esporte;Campanha;2020-06-11;2020-07-11;6779;394820.18;946392.54;142930.1;349696.98;1389.028
2020-06;B0000000021;Carro;Escapamento;Esporte;Controle;2020-05-19;2020-06-19;573;62345.659999999996;70391.26;21423.51;24818.08;188.59
2020-06;B0000000021;Carro;Escapamento;Esporte;Controle;2020-06-11;2020-07-11;663;41077.77;87644.06;14033.34;31826.56;125.262
2020-06;B0000000024;Carro;Rodas Pneus;Esportivo;Campanha;2020-05-20;2020-06-20;6422;768308.41;808241.59;272385.89;287164.92;1921.204
2020-06;B0000000024;Carro;Rodas Pneus;Esportivo;Campanha;2020-06-11;2020-07-11;7555;431174.36;1031447.41;154938.14;388380.37;970.188
2020-06;B0000000024;Carro;Rodas Pneus;Esportivo;Controle;2020-05-20;2020-06-20;638;80945.92;74991.44;30251.3;26934.32;198.768
2020-06;B0000000024;Carro;Rodas Pneus;Esportivo;Controle;2020-06-11;2020-07-11;724;35622.43;96765.74;12540.3;37090.53;142.96
2020-06;B0000000025;Carro;Rodas Pneus;Premium;Campanha;2020-05-20;2020-06-20;6171;691154.13;734972.77;247125.08;259238.13;2623.7980000000002
2020-06;B0000000025;Carro;Rodas Pneus;Premium;Campanha;2020-06-11;2020-07-11;6885;398190.58;943654.34;149067.03;345243.16;1524.914
2020-06;B0000000025;Carro;Rodas Pneus;Premium;Controle;2020-05-20;2020-06-20;677;74295.23;87063.21;26436.11;31341.58;282.828
2020-06;B0000000025;Carro;Rodas Pneus;Premium;Controle;2020-06-11;2020-07-11;619;41106.39;82377.35;15304.32;30572.97;134.494
2020-06;B0000000026;Carro;Rodas Pneus;Basico;Campanha;2020-05-21;2020-06-21;6311;710221.01;810540.05;258363.66;291586.05;2222.494
2020-06;B0000000026;Carro;Rodas Pneus;Basico;Campanha;2020-06-11;2020-07-11;9982;565909.28;1358115.25;204393.78;503327.55;1739.628
2020-06;B0000000026;Carro;Rodas Pneus;Basico;Controle;2020-05-21;2020-06-21;905;95286.07;123959.22;33389.65;44217.95;563.702
2020-06;B0000000026;Carro;Rodas Pneus;Basico;Controle;2020-06-11;2020-07-11;1294;69751.72;160216.12;24073.24;57147.57;284.356
2020-06;B0000000028;Carro;Som;Multimedia;Campanha;2020-05-18;2020-06-18;4922;496579.4;549392.95;179480.61;195732.96;5206.794
2020-06;B0000000028;Carro;Som;Multimedia;Campanha;2020-06-05;2020-07-05;7255;646480.81;1223021.48;228653.53;441001.52;6844.754
2020-06;B0000000028;Carro;Som;Multimedia;Controle;2020-05-18;2020-06-18;507;52394.270000000004;58287.06;19071.63;20947.98;440.782
2020-06;B0000000028;Carro;Som;Multimedia;Controle;2020-06-05;2020-07-05;724;64313.53;120996.52;22645.15;44913.18;780.518
2020-06;B0000000031;Carro;Som;Basico;Campanha;2020-05-20;2020-06-20;10088;1108350.8;1233133.02;387907.0;403766.14;2191.902
2020-06;B0000000031;Carro;Som;Basico;Campanha;2020-06-12;2020-07-12;10397;531312.17;1386598.57;193558.23;513491.45;1017.748
2020-06;B0000000031;Carro;Som;Basico;Controle;2020-05-20;2020-06-20;1089;120655.83;137134.19;40758.46;47633.31;210.70600000000002
2020-06;B0000000031;Carro;Som;Basico;Controle;2020-06-12;2020-07-12;1288;61497.73;168764.42;21830.77;61397.64;107.31400000000001
2020-06;B0000000033;Carro;Lataria Adesivacao;Premium;Campanha;2020-05-25;2020-06-25;923;100004.27;150516.02;36659.82;53986.69;674.29
2020-06;B0000000033;Carro;Lataria Adesivacao;Premium;Campanha;2020-06-11;2020-07-11;919;58139.73;129506.12;23092.78;47122.31;330.9
2020-06;B0000000033;Carro;Lataria Adesivacao;Premium;Controle;2020-05-25;2020-06-25;120;11891.82;16846.34;3814.13;5771.11;158.92
2020-06;B0000000033;Carro;Lataria Adesivacao;Premium;Controle;2020-06-11;2020-07-11;100;4666.72;12852.84;1572.58;4631.97;126.366
2020-06;B0000000035;Carro;Lataria Adesivacao;High End;Campanha;2020-05-15;2020-06-15;888;84595.18;86400.47;30783.91;30429.36;1894.448
2020-06;B0000000035;Carro;Lataria Adesivacao;High End;Campanha;2020-06-05;2020-07-05;930;82376.96;157888.11;29921.39;56505.83;2217.376
2020-06;B0000000035;Carro;Lataria Adesivacao;High End;Controle;2020-05-15;2020-06-15;97;12158.82;9872.210000000001;5447.85;4130.32;144.71
2020-06;B0000000035;Carro;Lataria Adesivacao;High End;Controle;2020-06-05;2020-07-05;103;8942.13;16372.75;3105.74;5853.54;156.184
2020-06;B0000000036;Carro;Estofamento Bancos;Premium;Campanha;2020-05-26;2020-06-26;932;112712.03;161120.87;42392.7;59501.92;1365.228
2020-06;B0000000036;Carro;Estofamento Bancos;Premium;Campanha;2020-06-05;2020-07-05;985;91645.84;167063.91;31628.42;59328.07;1377.284
2020-06;B0000000036;Carro;Estofamento Bancos;Premium;Controle;2020-05-26;2020-06-26;94;12698.89;16234.99;4471.03;5599.01;243.20000000000002
2020-06;B0000000036;Carro;Estofamento Bancos;Premium;Controle;2020-06-05;2020-07-05;99;6729.9400000000005;18622.44;2411.13;7156.18;105.374
2020-06;B0000000037;Carro;Estofamento Bancos;Basico;Campanha;2020-05-26;2020-06-26;977;108223.97;164198.6;40824.15;62085.18;100.43
2020-06;B0000000037;Carro;Estofamento Bancos;Basico;Campanha;2020-06-12;2020-07-12;10068;537592.0;1337007.74;201531.95;499360.86;528.07
2020-06;B0000000037;Carro;Estofamento Bancos;Basico;Controle;2020-05-26;2020-06-26;104;12979.84;18341.74;4317.68;6353.44;0.0
2020-06;B0000000037;Carro;Estofamento Bancos;Basico;Controle;2020-06-12;2020-07-12;1256;68273.34;175293.62;25038.41;67171.71;100.672
2020-06;B0000000038;Carro;Estofamento Bancos;High End;Campanha;2020-05-18;2020-06-18;903;101336.03;114329.86;35567.11;42615.19;2146.618
2020-06;B0000000038;Carro;Estofamento Bancos;High End;Campanha;2020-06-05;2020-07-05;1037;97927.79;185807.14;36142.17;67664.67;1505.164
2020-06;B0000000038;Carro;Estofamento Bancos;High End;Controle;2020-05-18;2020-06-18;86;9828.48;7868.63;3556.02;2526.53;207.17200000000003
2020-06;B0000000038;Carro;Estofamento Bancos;High End;Controle;2020-06-05;2020-07-05;104;9375.07;18943.420000000002;3549.41;6944.62;163.156
2020-06;B0000000040;Carro;Escapamento;Esporte;Campanha;2020-05-19;2020-06-19;5882;639162.99;696223.61;226831.28;250960.49;3011.148
2020-06;B0000000040;Carro;Escapamento;Esporte;Campanha;2020-06-11;2020-07-11;6761;376015.94;938619.73;133560.34;347081.28;1693.227
2020-06;B0000000040;Carro;Escapamento;Esporte;Controle;2020-05-19;2020-06-19;578;62707.07;73517.65;21251.54;27263.47;199.473
2020-06;B0000000040;Carro;Escapamento;Esporte;Controle;2020-06-11;2020-07-11;710;41350.03;93964.26;14772.47;34394.87;285.645
2020-06;B0000000043;Carro;Rodas Pneus;Esportivo;Campanha;2020-05-20;2020-06-20;6355;734447.85;813154.45;263046.2;303221.7;2527.317
2020-06;B0000000043;Carro;Rodas Pneus;Esportivo;Campanha;2020-06-11;2020-07-11;7582;428526.21;1032795.61;156198.61000000002;378230.87;1725.117
2020-06;B0000000043;Carro;Rodas Pneus;Esportivo;Controle;2020-05-20;2020-06-20;653;76585.93;79624.95;26419.49;28148.25;319.26300000000003
2020-06;B0000000043;Carro;Rodas Pneus;Esportivo;Controle;2020-06-11;2020-07-11;751;42548.24;117885.03;15080.82;41487.92;131.649
2020-06;B0000000044;Carro;Rodas Pneus;Premium;Campanha;2020-05-20;2020-06-20;6349;686282.04;737133.49;255182.61;267477.68;3799.905
2020-06;B0000000044;Carro;Rodas Pneus;Premium;Campanha;2020-06-11;2020-07-11;6542;370370.86;912787.56;132049.7;343089.49;2097.321
2020-06;B0000000044;Carro;Rodas Pneus;Premium;Controle;2020-05-20;2020-06-20;680;79572.93;78541.92;29525.15;29262.0;335.37
2020-06;B0000000044;Carro;Rodas Pneus;Premium;Controle;2020-06-11;2020-07-11;663;31914.56;92159.5;11720.47;34482.94;116.10300000000001
2020-06;B0000000045;Carro;Rodas Pneus;Basico;Campanha;2020-05-21;2020-06-21;6525;759567.03;872676.05;275529.93;313266.23;3563.322
2020-06;B0000000045;Carro;Rodas Pneus;Basico;Campanha;2020-06-11;2020-07-11;10146;553108.02;1423796.43;202611.38;532855.13;1787.76
2020-06;B0000000045;Carro;Rodas Pneus;Basico;Controle;2020-05-21;2020-06-21;885;97433.22;129190.05;35110.34;49163.53;488.247
2020-06;B0000000045;Carro;Rodas Pneus;Basico;Controle;2020-06-11;2020-07-11;1303;66326.93;168606.66;24472.84;62201.02;391.656
2020-06;B0000000047;Carro;Som;Multimedia;Campanha;2020-05-18;2020-06-18;4868;502075.73;557895.69;178891.39;198417.2;8737.773
2020-06;B0000000047;Carro;Som;Multimedia;Campanha;2020-06-05;2020-07-05;7233;668225.65;1238438.22;236668.5;456649.88;11263.029
2020-06;B0000000047;Carro;Som;Multimedia;Controle;2020-05-18;2020-06-18;510;53679.64;55471.26;19805.99;19014.67;901.293
2020-06;B0000000047;Carro;Som;Multimedia;Controle;2020-06-05;2020-07-05;735;62213.54;129289.1;22464.83;47455.27;1250.265
2020-06;B0000000050;Carro;Som;Basico;Campanha;2020-05-20;2020-06-20;9113;1003454.6;1045692.3;359913.01;371754.31;3184.122
2020-06;B0000000050;Carro;Som;Basico;Campanha;2020-06-12;2020-07-12;10063;537688.67;1349223.63;196912.6;502696.78;1662.645
2020-06;B0000000050;Carro;Som;Basico;Controle;2020-05-20;2020-06-20;928;90329.04;108706.42;32760.33;38918.39;305.694
2020-06;B0000000050;Carro;Som;Basico;Controle;2020-06-12;2020-07-12;1267;58243.85;166490.99;20655.03;61340.79;152.106
2020-06;B0000000052;Carro;Lataria Adesivacao;Premium;Campanha;2020-05-25;2020-06-25;640;73178.25;91056.01;25946.33;32424.62;634.392
2020-06;B0000000052;Carro;Lataria Adesivacao;Premium;Campanha;2020-06-11;2020-07-11;598;32847.22;81388.09;12899.2;30117.65;347.148
2020-06;B0000000052;Carro;Lataria Adesivacao;Premium;Controle;2020-05-25;2020-06-25;61;5104.24;8488.24;1754.6;3210.9;45.257999999999996
2020-06;B0000000052;Carro;Lataria Adesivacao;Premium;Controle;2020-06-11;2020-07-11;61;3488.55;10379.32;1178.23;3602.24;17.094
2020-06;B0000000054;Carro;Lataria Adesivacao;High End;Campanha;2020-05-15;2020-06-15;567;47364.85;52196.94;17159.26;18169.84;1118.241
2020-06;B0000000054;Carro;Lataria Adesivacao;High End;Campanha;2020-06-05;2020-07-05;651;56060.76;98529.28;21405.09;35151.25;1756.743
2020-06;B0000000054;Carro;Lataria Adesivacao;High End;Controle;2020-05-15;2020-06-15;69;5652.66;5998.07;2033.21;2091.61;186.639
2020-06;B0000000054;Carro;Lataria Adesivacao;High End;Controle;2020-06-05;2020-07-05;57;7596.28;9335.57;3033.32;3508.68;167.292
2020-06;B0000000055;Carro;Estofamento Bancos;Premium;Campanha;2020-05-26;2020-06-26;659;77153.4;118102.59;26501.48;41351.92;1535.748
2020-06;B0000000055;Carro;Estofamento Bancos;Premium;Campanha;2020-06-05;2020-07-05;652;62338.36;113531.39;22083.86;41846.76;2007.867
2020-06;B0000000055;Carro;Estofamento Bancos;Premium;Controle;2020-05-26;2020-06-26;77;9695.07;9436.84;3874.68;3351.98;259.281
2020-06;B0000000055;Carro;Estofamento Bancos;Premium;Controle;2020-06-05;2020-07-05;69;6119.39;12549.289999999999;1973.0;4929.88;175.581
2020-06;B0000000056;Carro;Estofamento Bancos;Basico;Campanha;2020-05-26;2020-06-26;605;70353.82;102760.3;24895.32;37118.41;84.837
2020-06;B0000000056;Carro;Estofamento Bancos;Basico;Campanha;2020-06-12;2020-07-12;10088;538346.68;1391559.88;192970.57;506674.2;551.352
2020-06;B0000000056;Carro;Estofamento Bancos;Basico;Controle;2020-05-26;2020-06-26;76;12215.24;19060.14;4174.0;7359.98;0.0
2020-06;B0000000056;Carro;Estofamento Bancos;Basico;Controle;2020-06-12;2020-07-12;1348;72743.16;176788.38;25917.69;64743.04;211.92600000000002
2020-06;B0000000057;Carro;Estofamento Bancos;High End;Campanha;2020-05-18;2020-06-18;612;68843.15;79022.49;23383.89;28302.24;3182.913
2020-06;B0000000057;Carro;Estofamento Bancos;High End;Campanha;2020-06-05;2020-07-05;630;60761.33;115589.68;21618.29;43947.6;1599.4470000000001
2020-06;B0000000057;Carro;Estofamento Bancos;High End;Controle;2020-05-18;2020-06-18;60;7538.65;11521.59;2491.87;3940.4;192.114
2020-06;B0000000057;Carro;Estofamento Bancos;High End;Controle;2020-06-05;2020-07-05;67;6052.12;9698.91;2473.94;3595.6;59.997
2020-06;B0000000104;Moto;Rodas Pneus;Premium;Campanha;2020-05-20;2020-06-20;20960;2706975.0;2911069.04;970812.34;1029242.54;3006.609
2020-06;B0000000104;Moto;Rodas Pneus;Premium;Campanha;2020-06-11;2020-07-11;22244;1466759.59;3251118.93;533384.75;1146511.1300000001;1670.747
2020-06;B0000000104;Moto;Rodas Pneus;Premium;Controle;2020-05-20;2020-06-20;2059;269050.1;272222.99;95039.3;95980.69;320.26800000000003
2020-06;B0000000104;Moto;Rodas Pneus;Premium;Controle;2020-06-11;2020-07-11;2262;143174.63;338183.71;50677.79;84023.0;217.187
2020-06;B0000000105;Moto;Rodas Pneus;Basico;Campanha;2020-05-21;2020-06-21;22128;2806211.64;3148865.4;1003237.24;1132737.19;15331.609
2020-06;B0000000105;Moto;Rodas Pneus;Basico;Campanha;2020-06-11;2020-07-11;6588;359506.62;792927.79;125978.83;291479.65;2660.785
2020-06;B0000000105;Moto;Rodas Pneus;Basico;Controle;2020-05-21;2020-06-21;2830;351630.59;400896.89;124568.08;138016.48;1861.541
2020-06;B0000000105;Moto;Rodas Pneus;Basico;Controle;2020-06-11;2020-07-11;833;38214.159999999996;87084.13;13122.29;31740.14;262.609
2020-06;B0000000107;Moto;Lataria Adesivacao;Premium;Campanha;2020-05-25;2020-06-25;4126;428418.27;570037.95;117744.01;202761.19;5789.429
2020-06;B0000000107;Moto;Lataria Adesivacao;Premium;Campanha;2020-06-11;2020-07-11;3534;190450.1;467848.17;64510.18;166394.35;3135.483
2020-06;B0000000107;Moto;Lataria Adesivacao;Premium;Controle;2020-05-25;2020-06-25;432;41261.99;64676.97;13968.95;22309.47;706.079
2020-06;B0000000107;Moto;Lataria Adesivacao;Premium;Controle;2020-06-11;2020-07-11;334;14420.14;38570.59;4436.84;14001.03;246.064
2020-06;B0000000109;Moto;Lataria Adesivacao;High End;Campanha;2020-05-18;2020-06-18;3518;333082.19;345667.47;117914.96;123174.27;3516.272
2020-06;B0000000109;Moto;Lataria Adesivacao;High End;Campanha;2020-06-05;2020-07-05;4445;363022.65;676991.85;126731.54;236327.02;3906.646
2020-06;B0000000109;Moto;Lataria Adesivacao;High End;Controle;2020-05-18;2020-06-18;365;40714.8;42570.23;13648.62;16121.44;356.957
2020-06;B0000000109;Moto;Lataria Adesivacao;High End;Controle;2020-06-05;2020-07-05;412;32015.86;58698.76;11359.45;20562.85;333.85
2020-06;B0000000113;Moto;Rodas Pneus;Premium;Campanha;2020-05-20;2020-06-20;3811;419753.5;438627.4;146862.08;150683.58;1104.536
2020-06;B0000000113;Moto;Rodas Pneus;Premium;Campanha;2020-06-11;2020-07-11;3823;217068.83;461495.75;77911.13;164627.21;571.514
2020-06;B0000000113;Moto;Rodas Pneus;Premium;Controle;2020-05-20;2020-06-20;389;52511.5;51809.54;18497.1;17715.16;82.76
2020-06;B0000000113;Moto;Rodas Pneus;Premium;Controle;2020-06-11;2020-07-11;440;22308.63;59616.72;7945.42;21575.420000000002;46.062
2020-06;B0000000114;Moto;Rodas Pneus;Basico;Campanha;2020-05-21;2020-06-21;4717;518077.58;588868.44;180059.31;202817.87;6116.97
2020-06;B0000000114;Moto;Rodas Pneus;Basico;Campanha;2020-06-11;2020-07-11;6341;331807.33;750030.66;121791.27;277838.55;3669.516
2020-06;B0000000114;Moto;Rodas Pneus;Basico;Controle;2020-05-21;2020-06-21;654;82578.12;76700.92;30080.76;26948.670000000002;1044.67
2020-06;B0000000114;Moto;Rodas Pneus;Basico;Controle;2020-06-11;2020-07-11;767;35462.22;84651.13;12367.880000000001;31227.79;418.132
2020-06;B0000000116;Moto;Lataria Adesivacao;Premium;Campanha;2020-05-25;2020-06-25;965;95517.35;131657.07;34789.43;45383.89;2593.736
2020-06;B0000000116;Moto;Lataria Adesivacao;Premium;Campanha;2020-06-11;2020-07-11;911;62134.03;111761.03;26871.27;39552.39;1339.7060000000001
2020-06;B0000000116;Moto;Lataria Adesivacao;Premium;Controle;2020-05-25;2020-06-25;114;11851.58;15708.3;3959.02;5443.04;196.618
2020-06;B0000000116;Moto;Lataria Adesivacao;Premium;Controle;2020-06-11;2020-07-11;107;8366.45;12032.789999999999;3404.7;5194.33;121.584
2020-06;B0000000118;Moto;Lataria Adesivacao;High End;Campanha;2020-05-18;2020-06-18;920;96219.34;105533.52;33601.25;35377.15;1647.728
2020-06;B0000000118;Moto;Lataria Adesivacao;High End;Campanha;2020-06-05;2020-07-05;990;83357.9;145957.74;28819.96;53104.58;2069.6820000000002
2020-06;B0000000118;Moto;Lataria Adesivacao;High End;Controle;2020-05-18;2020-06-18;95;10440.44;13740.16;3449.34;4683.32;172.19
2020-06;B0000000118;Moto;Lataria Adesivacao;High End;Controle;2020-06-05;2020-07-05;86;6638.89;15030.75;2299.53;6053.96;89.75399999999999
2020-06;B0000000122;Moto;Rodas Pneus;Premium;Campanha;2020-05-20;2020-06-20;3834;408278.62;445109.08;144348.0;153453.09;1462.524
2020-06;B0000000122;Moto;Rodas Pneus;Premium;Campanha;2020-06-11;2020-07-11;3846;207675.56;455942.0;74124.32;165093.18;911.193
2020-06;B0000000122;Moto;Rodas Pneus;Premium;Controle;2020-05-20;2020-06-20;364;48085.51;48112.2;17064.82;15995.82;154.52100000000002
2020-06;B0000000122;Moto;Rodas Pneus;Premium;Controle;2020-06-11;2020-07-11;395;20201.16;44369.5;7358.17;15569.710000000001;59.061
2020-06;B0000000123;Moto;Rodas Pneus;Basico;Campanha;2020-05-21;2020-06-21;5050;572861.22;612524.84;200566.53;214331.38;10797.378
2020-06;B0000000123;Moto;Rodas Pneus;Basico;Campanha;2020-06-11;2020-07-11;6414;333018.03;750321.08;118537.37;268850.58;7218.963
2020-06;B0000000123;Moto;Rodas Pneus;Basico;Controle;2020-05-21;2020-06-21;657;78668.04;84733.07;26129.920000000002;27499.74;1321.464
2020-06;B0000000123;Moto;Rodas Pneus;Basico;Controle;2020-06-11;2020-07-11;832;37562.07;95194.59;13879.14;32260.48;839.85
2020-06;B0000000125;Moto;Lataria Adesivacao;Premium;Campanha;2020-05-25;2020-06-25;638;94511.8;96858.4;32580.989999999998;36008.49;2947.311
2020-06;B0000000125;Moto;Lataria Adesivacao;Premium;Campanha;2020-06-11;2020-07-11;619;40423.71;70600.63;15045.84;25686.74;1743.528
2020-06;B0000000125;Moto;Lataria Adesivacao;Premium;Controle;2020-05-25;2020-06-25;65;9496.86;23231.32;2975.42;4746.25;710.4
2020-06;B0000000125;Moto;Lataria Adesivacao;Premium;Controle;2020-06-11;2020-07-11;68;3361.23;7402.39;1381.23;2583.73;173.376
2020-06;B0000000127;Moto;Lataria Adesivacao;High End;Campanha;2020-05-18;2020-06-18;648;67374.61;77379.51;23433.68;27244.21;1368.4199999999998
2020-06;B0000000127;Moto;Lataria Adesivacao;High End;Campanha;2020-06-05;2020-07-05;691;50533.03;93957.54;18149.61;33381.0;1562.31
2020-06;B0000000127;Moto;Lataria Adesivacao;High End;Controle;2020-05-18;2020-06-18;63;8020.21;10212.300000000001;2592.25;3843.34;414.543
2020-06;B0000000127;Moto;Lataria Adesivacao;High End;Controle;2020-06-05;2020-07-05;72;5857.08;10481.0;2463.45;3845.08;14.994000000000002
2020-06;B0000000439;Carro;Escapamento;Esporte;Campanha;2020-05-19;2020-06-19;780;64030.77;28471.23;24354.72;10825.9;78.796
2020-06;B0000000439;Carro;Escapamento;Esporte;Campanha;2020-06-11;2020-07-11;670;44271.04;12395.78;17080.48;4633.26;80.93
2020-06;B0000000442;Carro;Rodas Pneus;Esportivo;Campanha;2020-05-20;2020-06-20;328;28699.54;14806.93;11535.88;5807.7;39.261
2020-06;B0000000442;Carro;Rodas Pneus;Esportivo;Campanha;2020-06-11;2020-07-11;634;39113.83;9596.73;14970.69;3769.03;37.06
2020-06;B0000000443;Carro;Rodas Pneus;Premium;Campanha;2020-05-21;2020-06-21;918;91654.14;29174.12;37125.81;12000.39;178.691
2020-06;B0000000443;Carro;Rodas Pneus;Premium;Campanha;2020-06-11;2020-07-11;404;40541.17;0.0;16166.78;0.0;46.714
2020-06;B0000000444;Carro;Rodas Pneus;Basico;Campanha;2020-05-21;2020-06-21;523;50012.76;18623.03;18955.23;7063.7699999999995;51.98
2020-06;B0000000444;Carro;Rodas Pneus;Basico;Campanha;2020-06-12;2020-07-12;259;22699.16;0.0;9124.34;0.0;28.27
2020-06;B0000000446;Carro;Som;Multimedia;Campanha;2020-05-19;2020-06-19;715;59356.41;33131.53;22985.94;12206.53;459.639
2020-06;B0000000446;Carro;Som;Multimedia;Campanha;2020-06-05;2020-07-05;876;98007.39;17373.32;38689.63;6643.75;563.827
2020-06;B0000000449;Carro;Som;Basico;Campanha;2020-05-20;2020-06-20;1543;142601.29;62882.96;55467.73;24291.62;194.49099999999999
2020-06;B0000000449;Carro;Som;Basico;Campanha;2020-06-12;2020-07-12;699;53624.58;0.0;21499.8;0.0;75.959
2020-06;B0000000453;Carro;Lataria Adesivacao;High End;Campanha;2020-05-15;2020-06-15;449;35049.33;12082.02;13651.48;4755.38;413.996
2020-06;B0000000453;Carro;Lataria Adesivacao;High End;Campanha;2020-06-05;2020-07-05;257;30244.76;4589.59;11992.16;1760.84;288.489
2020-06;B0000000454;Carro;Estofamento Bancos;Premium;Campanha;2020-05-26;2020-06-26;1070;94773.25;72388.53;35429.62;28774.11;615.458
2020-06;B0000000454;Carro;Estofamento Bancos;Premium;Campanha;2020-06-05;2020-07-05;769;85698.26;13269.29;33519.14;5127.68;526.2860000000001
2020-06;B0000000455;Carro;Estofamento Bancos;Basico;Campanha;2020-05-26;2020-06-26;1051;103137.15;61190.58;39807.07;25050.9;16.879
2020-06;B0000000455;Carro;Estofamento Bancos;Basico;Campanha;2020-06-12;2020-07-12;192;15828.31;0.0;6118.13;0.0;0.0
2020-06;B0000000456;Carro;Estofamento Bancos;High End;Campanha;2020-05-19;2020-06-19;708;58377.93;26027.39;22380.09;9742.24;464.036
2020-06;B0000000456;Carro;Estofamento Bancos;High End;Campanha;2020-06-05;2020-07-05;643;63979.61;11097.19;25801.28;4693.39;660.9730000000001
2020-06;B0000000458;Carro;Escapamento;Esporte;Campanha;2020-05-19;2020-06-19;421;33972.17;17402.45;12479.6;6401.85;145.992
2020-06;B0000000458;Carro;Escapamento;Esporte;Campanha;2020-06-11;2020-07-11;767;48248.6;15603.380000000001;19788.14;5573.84;151.9
2020-06;B0000000461;Carro;Rodas Pneus;Esportivo;Campanha;2020-05-20;2020-06-20;269;24811.31;15357.56;10051.45;5854.83;38.760000000000005
2020-06;B0000000461;Carro;Rodas Pneus;Esportivo;Campanha;2020-06-11;2020-07-11;640;44753.39;10592.06;18372.17;4179.83;101.08200000000001
2020-06;B0000000462;Carro;Rodas Pneus;Premium;Campanha;2020-05-21;2020-06-21;954;89612.25;30894.25;34874.72;12160.59;382.46
2020-06;B0000000462;Carro;Rodas Pneus;Premium;Campanha;2020-06-11;2020-07-11;360;35083.89;0.0;13666.43;0.0;105.60600000000001
2020-06;B0000000463;Carro;Rodas Pneus;Basico;Campanha;2020-05-21;2020-06-21;451;41632.7;15792.03;15679.22;6022.05;106.646
2020-06;B0000000463;Carro;Rodas Pneus;Basico;Campanha;2020-06-12;2020-07-12;255;23675.87;0.0;8988.67;0.0;37.786
2020-06;B0000000465;Carro;Som;Multimedia;Campanha;2020-05-19;2020-06-19;282;24825.7;10932.74;9636.64;4219.44;381.884
2020-06;B0000000465;Carro;Som;Multimedia;Campanha;2020-06-05;2020-07-05;965;114250.47;16420.26;45173.68;6136.33;1499.768
2020-06;B0000000468;Carro;Som;Basico;Campanha;2020-05-20;2020-06-20;1676;144527.93;76612.03;58721.42;29324.63;228.316
2020-06;B0000000468;Carro;Som;Basico;Campanha;2020-06-12;2020-07-12;711;62495.96;0.0;25410.98;0.0;244.176
2020-06;B0000000470;Carro;Lataria Adesivacao;Premium;Campanha;2020-05-25;2020-06-25;829;82877.94;40741.0;31760.34;15448.72;416.706
2020-06;B0000000470;Carro;Lataria Adesivacao;Premium;Campanha;2020-06-05;2020-07-05;305;31339.95;5603.95;11648.29;2160.61;190.13
2020-06;B0000000472;Carro;Lataria Adesivacao;High End;Campanha;2020-05-15;2020-06-15;748;64798.77;19559.84;-50591.64000000001;7677.86;1174.63
2020-06;B0000000472;Carro;Lataria Adesivacao;High End;Campanha;2020-06-05;2020-07-05;633;66787.07;11262.94;25133.06;4530.56;1759.928
2020-06;B0000000473;Carro;Estofamento Bancos;Premium;Campanha;2020-05-26;2020-06-26;949;87260.74;54150.88;-4787.689999999998;21044.72;1310.92
2020-06;B0000000473;Carro;Estofamento Bancos;Premium;Campanha;2020-06-05;2020-07-05;86;10915.37;1374.72;4892.11;598.84;46.596000000000004
2020-06;B0000000474;Carro;Estofamento Bancos;Basico;Campanha;2020-05-26;2020-06-26;1178;107285.56;65261.86;39895.35;25079.01;15.298
2020-06;B0000000474;Carro;Estofamento Bancos;Basico;Campanha;2020-06-12;2020-07-12;188;15931.17;0.0;6111.81;0.0;20.694000000000003
2020-06;B0000000475;Carro;Estofamento Bancos;High End;Campanha;2020-05-19;2020-06-19;842;65416.49;33634.78;24789.07;12372.03;666.418
2020-06;B0000000475;Carro;Estofamento Bancos;High End;Campanha;2020-06-05;2020-07-05;721;91364.52;14470.66;-1956.9500000000007;5567.85;1932.7740000000001
2020-06;B0000000477;Carro;Escapamento;Esporte;Campanha;2020-05-19;2020-06-19;372;38459.43;12742.85;14530.75;4887.26;190.485
2020-06;B0000000477;Carro;Escapamento;Esporte;Campanha;2020-06-11;2020-07-11;695;49987.57;10529.41;18106.49;4105.57;282.345
2020-06;B0000000480;Carro;Rodas Pneus;Esportivo;Campanha;2020-05-20;2020-06-20;509;45126.74;23290.33;18183.43;8659.87;148.641
2020-06;B0000000480;Carro;Rodas Pneus;Esportivo;Campanha;2020-06-11;2020-07-11;721;57614.49;12321.47;22545.58;4656.13;174.717
2020-06;B0000000481;Carro;Rodas Pneus;Premium;Campanha;2020-05-21;2020-06-21;663;59535.15;18395.75;22689.46;7342.78;305.19
2020-06;B0000000481;Carro;Rodas Pneus;Premium;Campanha;2020-06-11;2020-07-11;395;40951.02;0.0;14965.14;0.0;213.78300000000002
2020-06;B0000000482;Carro;Rodas Pneus;Basico;Campanha;2020-05-21;2020-06-21;523;45053.32;16351.9;17653.91;6066.88;136.503
2020-06;B0000000482;Carro;Rodas Pneus;Basico;Campanha;2020-06-12;2020-07-12;221;19161.91;0.0;7127.03;0.0;52.866
2020-06;B0000000484;Carro;Som;Multimedia;Campanha;2020-05-19;2020-06-19;236;25126.12;8657.78;10068.2;3315.05;611.337
2020-06;B0000000484;Carro;Som;Multimedia;Campanha;2020-06-05;2020-07-05;958;120713.53;16583.76;8045.179999999999;6015.7;2361.522
2020-06;B0000000487;Carro;Som;Basico;Campanha;2020-05-20;2020-06-20;1546;135769.1;70437.87;51199.14;27348.18;767.346
2020-06;B0000000487;Carro;Som;Basico;Campanha;2020-06-12;2020-07-12;708;55151.61;0.0;20729.23;0.0;205.818
2020-06;B0000000489;Carro;Lataria Adesivacao;Premium;Campanha;2020-05-25;2020-06-25;79;7861.4800000000005;3295.45;3294.09;1372.34;21.591
2020-06;B0000000489;Carro;Lataria Adesivacao;Premium;Campanha;2020-06-05;2020-07-05;59;5932.88;1963.17;2356.38;718.36;77.088
2020-06;B0000000491;Carro;Lataria Adesivacao;High End;Campanha;2020-05-15;2020-06-15;504;35584.79;11325.5;13309.05;4064.64;1596.351
2020-06;B0000000491;Carro;Lataria Adesivacao;High End;Campanha;2020-06-05;2020-07-05;552;63072.19;8358.42;24713.43;3095.0;2058.831
2020-06;B0000000492;Carro;Estofamento Bancos;Premium;Campanha;2020-05-26;2020-06-26;1096;100959.91;61323.33;40046.49;23052.81;2030.4
2020-06;B0000000492;Carro;Estofamento Bancos;Premium;Campanha;2020-06-05;2020-07-05;97;9982.94;1780.59;4683.45;562.98;102.441
2020-06;B0000000493;Carro;Estofamento Bancos;Basico;Campanha;2020-05-26;2020-06-26;1196;106614.39;66283.36;40758.29;25132.18;107.601
2020-06;B0000000493;Carro;Estofamento Bancos;Basico;Campanha;2020-06-12;2020-07-12;198;16539.39;0.0;5668.84;0.0;0.0
2020-06;B0000000494;Carro;Estofamento Bancos;High End;Campanha;2020-05-19;2020-06-19;744;67846.6;26623.95;27468.94;10259.36;2541.984
2020-06;B0000000494;Carro;Estofamento Bancos;High End;Campanha;2020-06-05;2020-07-05;689;86198.56;12640.49;35188.77;4283.7;2846.187
2020-06;B0000000543;Moto;Rodas Pneus;Premium;Campanha;2020-05-21;2020-06-21;449;43572.45;15174.44;15739.52;7039.17;21.275
2020-06;B0000000543;Moto;Rodas Pneus;Premium;Campanha;2020-06-11;2020-07-11;216;14956.83;0.0;5618.96;0.0;12.156
2020-06;B0000000544;Moto;Rodas Pneus;Basico;Campanha;2020-05-21;2020-06-21;425;39016.67;11459.05;15390.93;4225.34;144.285
2020-06;B0000000544;Moto;Rodas Pneus;Basico;Campanha;2020-06-12;2020-07-12;227;15911.93;0.0;6479.6;0.0;66.724
2020-06;B0000000546;Moto;Lataria Adesivacao;Premium;Campanha;2020-05-25;2020-06-25;357;27969.05;16609.77;10353.03;7243.2;361.32
2020-06;B0000000546;Moto;Lataria Adesivacao;Premium;Campanha;2020-06-11;2020-07-11;66;4130.58;420.21;1583.02;141.23;86.812
2020-06;B0000000548;Moto;Lataria Adesivacao;High End;Campanha;2020-05-18;2020-06-18;451;33142.0;17394.32;12380.75;6538.98;401.534
2020-06;B0000000548;Moto;Lataria Adesivacao;High End;Campanha;2020-06-05;2020-07-05;358;35904.07;5117.35;14313.0;1657.33;367.355
2020-06;B0000000552;Moto;Rodas Pneus;Premium;Campanha;2020-05-21;2020-06-21;458;43357.61;14298.83;15651.87;5653.0;84.982
2020-06;B0000000552;Moto;Rodas Pneus;Premium;Campanha;2020-06-11;2020-07-11;237;18228.51;0.0;6925.62;0.0;54.458
2020-06;B0000000553;Moto;Rodas Pneus;Basico;Campanha;2020-05-21;2020-06-21;291;23658.6;9167.0;8309.4;3753.52;214.058
2020-06;B0000000553;Moto;Rodas Pneus;Basico;Campanha;2020-06-12;2020-07-12;208;15626.89;0.0;5753.34;0.0;69.29
2020-06;B0000000555;Moto;Lataria Adesivacao;Premium;Campanha;2020-05-26;2020-06-26;409;35675.03;16982.56;14716.86;6683.59;920.89
2020-06;B0000000555;Moto;Lataria Adesivacao;Premium;Campanha;2020-06-11;2020-07-11;219;19002.13;3875.64;6789.31;1376.57;594.172
2020-06;B0000000557;Moto;Lataria Adesivacao;High End;Campanha;2020-05-18;2020-06-18;458;31303.18;15434.53;11385.2;5849.58;704.918
2020-06;B0000000557;Moto;Lataria Adesivacao;High End;Campanha;2020-06-05;2020-07-05;290;26704.2;3990.14;10172.2;1493.7;770.852
2020-06;B0000000561;Moto;Rodas Pneus;Premium;Campanha;2020-05-21;2020-06-21;382;29482.5;10535.39;12040.050000000001;4254.46;60.165
2020-06;B0000000561;Moto;Rodas Pneus;Premium;Campanha;2020-06-11;2020-07-11;270;24037.41;0.0;8703.0;0.0;58.545
2020-06;B0000000562;Moto;Rodas Pneus;Basico;Campanha;2020-05-21;2020-06-21;404;32640.06;11269.31;12481.32;4172.44;407.26800000000003
2020-06;B0000000562;Moto;Rodas Pneus;Basico;Campanha;2020-06-12;2020-07-12;219;18288.5;0.0;7225.05;0.0;161.829
2020-06;B0000000564;Moto;Lataria Adesivacao;Premium;Campanha;2020-05-26;2020-06-26;460;42512.41;22425.9;15579.58;7444.51;1540.047
2020-06;B0000000564;Moto;Lataria Adesivacao;Premium;Campanha;2020-06-11;2020-07-11;215;12322.550000000001;3582.93;4199.7300000000005;1273.35;750.447
2020-06;B0000000566;Moto;Lataria Adesivacao;High End;Campanha;2020-05-18;2020-06-18;406;29030.69;13654.86;10633.3;5027.73;1121.025
2020-06;B0000000566;Moto;Lataria Adesivacao;High End;Campanha;2020-06-05;2020-07-05;233;20725.81;4548.64;7770.88;1768.8600000000001;701.775
